"Duration","Morning","Afternoon","Evening","Night","Weekday","Weekend","Male","Age","cluster"
493,0,0,1,0,1,0,1,25,1
713,0,0,1,0,1,0,1,27,1
98,0,0,1,0,1,0,1,20,1
673,0,0,1,0,1,0,1,30,1
565,0,0,1,0,1,0,0,24,1
200,0,0,1,0,1,0,1,22,1
979,0,0,1,0,1,0,1,20,1
183,0,0,1,0,1,0,0,28,1
461,0,0,1,0,1,0,1,28,1
496,0,0,1,0,1,0,1,38,1
557,0,0,1,0,1,0,1,19,1
1708,0,0,1,0,1,0,1,26,1
625,0,0,1,0,1,0,0,29,1
784,0,0,1,0,1,0,1,31,1
1276,0,0,1,0,1,0,1,59,1
554,0,0,1,0,1,0,0,22,1
779,0,0,1,0,1,0,1,31,1
1041,0,0,1,0,1,0,0,39,1
1445,0,0,1,0,1,0,1,27,1
375,0,0,1,0,1,0,1,27,1
1290,0,0,1,0,1,0,1,22,1
368,0,0,1,0,1,0,1,40,1
579,0,0,1,0,1,0,1,27,1
1330,0,0,1,0,1,0,1,36,1
196,0,0,1,0,1,0,0,29,1
1154,0,0,1,0,1,0,1,43,1
260,0,0,1,0,1,0,1,42,1
519,0,0,1,0,1,0,0,33,1
402,0,0,1,0,1,0,1,50,1
948,0,0,1,0,1,0,0,31,1
1101,0,0,1,0,1,0,1,32,1
458,0,0,1,0,1,0,1,33,1
190,0,0,1,0,1,0,0,28,1
227,0,0,1,0,1,0,1,29,1
1089,0,0,1,0,1,0,0,26,1
690,0,0,1,0,1,0,1,28,1
1450,0,0,1,0,1,0,1,44,1
174,0,0,1,0,1,0,1,29,1
461,0,0,1,0,1,0,1,30,1
855,0,0,1,0,1,0,0,40,1
387,0,0,1,0,1,0,1,29,1
280,0,0,1,0,1,0,1,38,1
5499,0,0,1,0,1,0,0,42,1
1513,0,0,1,0,1,0,1,21,1
152,0,0,1,0,1,0,1,40,1
1026,0,0,1,0,1,0,1,35,1
342,0,0,1,0,1,0,1,58,1
381,0,0,1,0,1,0,1,24,1
308,0,0,1,0,1,0,1,58,1
593,0,0,1,0,1,0,1,25,1
888,0,0,1,0,1,0,1,62,1
405,0,0,1,0,1,0,1,26,1
365,0,0,1,0,1,0,1,26,1
620,0,0,1,0,1,0,1,35,1
1639,0,0,1,0,1,0,1,34,1
923,0,0,1,0,1,0,1,28,1
517,0,0,1,0,1,0,1,41,1
1082,0,0,1,0,1,0,1,47,1
596,0,0,1,0,1,0,1,42,1
949,0,0,1,0,1,0,1,39,1
1481,0,0,1,0,1,0,1,25,1
344,0,0,1,0,1,0,1,30,1
326,0,0,1,0,1,0,0,20,1
1576,0,0,1,0,1,0,0,30,1
410,0,0,1,0,1,0,1,31,1
335,0,0,1,0,1,0,1,38,1
634,0,0,1,0,1,0,1,23,1
647,0,0,1,0,1,0,0,45,1
560,0,0,1,0,1,0,1,19,1
251,0,0,1,0,1,0,1,26,1
233,0,0,1,0,1,0,0,23,1
3193,0,0,1,0,1,0,0,25,1
202,0,0,1,0,1,0,1,27,1
383,0,0,1,0,1,0,1,48,1
421,0,0,1,0,1,0,1,25,1
938,0,0,1,0,1,0,0,28,1
536,0,0,1,0,1,0,0,34,1
788,0,0,1,0,1,0,0,24,1
1367,0,0,1,0,1,0,1,27,1
369,0,0,1,0,1,0,1,26,1
1165,0,0,1,0,1,0,0,22,1
140,0,0,1,0,1,0,1,30,1
1622,0,0,1,0,1,0,1,29,1
473,0,0,1,0,1,0,0,38,1
993,0,0,1,0,1,0,0,20,1
181,0,0,1,0,1,0,1,33,1
516,0,0,1,0,1,0,1,32,1
416,0,0,1,0,1,0,0,47,1
699,0,0,1,0,1,0,1,30,1
258,0,0,1,0,1,0,1,42,1
367,0,0,1,0,1,0,1,37,1
446,0,0,1,0,1,0,1,39,1
180,0,0,1,0,1,0,1,50,1
405,0,0,1,0,1,0,1,25,1
745,0,0,1,0,1,0,1,27,1
529,0,0,1,0,1,0,1,49,1
344,0,0,1,0,1,0,1,24,1
510,0,0,1,0,1,0,1,51,1
1942,0,0,1,0,1,0,1,18,1
1440,0,0,1,0,1,0,1,33,1
1012,0,0,1,0,1,0,1,24,1
406,0,0,1,0,1,0,1,22,1
1760,0,0,1,0,1,0,0,41,1
843,0,0,1,0,1,0,0,31,1
1551,0,0,1,0,1,0,1,27,1
608,0,0,1,0,1,0,1,27,1
1102,0,0,1,0,1,0,1,26,1
441,0,0,1,0,1,0,1,33,1
640,0,0,1,0,1,0,1,32,1
579,0,0,1,0,1,0,1,19,1
2331,0,0,1,0,1,0,0,30,1
1008,0,0,1,0,1,0,1,27,1
550,0,0,1,0,1,0,1,27,1
524,0,0,1,0,1,0,1,28,1
485,0,0,1,0,1,0,1,35,1
879,0,0,1,0,1,0,0,29,1
896,0,0,1,0,1,0,0,21,1
1190,0,0,1,0,1,0,1,33,1
723,0,0,1,0,1,0,1,22,1
339,0,0,1,0,1,0,0,32,1
374,0,0,1,0,1,0,1,22,1
527,0,0,1,0,1,0,1,49,1
1430,0,0,1,0,1,0,0,23,1
419,0,0,1,0,1,0,1,31,1
525,0,0,1,0,1,0,1,34,1
701,0,0,1,0,1,0,0,40,1
511,0,0,1,0,1,0,0,28,1
1584,0,0,1,0,1,0,1,30,1
1388,0,0,1,0,1,0,0,23,1
310,0,0,1,0,1,0,1,35,1
725,0,0,1,0,1,0,0,28,1
477,0,0,1,0,1,0,1,30,1
266,0,0,1,0,1,0,1,49,1
3,0,0,1,0,1,0,1,39,1
191,0,0,1,0,1,0,0,28,1
470,0,0,1,0,1,0,0,20,1
1469,0,0,1,0,1,0,1,40,1
1485,0,0,1,0,1,0,0,24,1
475,0,0,1,0,1,0,1,29,1
278,0,0,1,0,1,0,1,40,1
466,0,0,1,0,1,0,1,42,1
854,0,0,1,0,1,0,0,30,1
442,0,0,1,0,1,0,1,29,1
279,0,0,1,0,1,0,1,26,1
147,0,0,1,0,1,0,1,29,1
1195,0,0,1,0,1,0,1,21,1
507,0,0,1,0,1,0,0,30,1
1421,0,0,1,0,1,0,1,25,1
429,0,0,1,0,1,0,1,26,1
794,0,0,1,0,1,0,1,43,1
808,0,0,1,0,1,0,1,26,1
399,0,0,1,0,1,0,1,35,1
2334,0,0,1,0,1,0,0,52,1
661,0,0,1,0,1,0,1,50,1
673,0,0,1,0,1,0,1,38,1
213,0,0,1,0,1,0,1,25,1
773,0,0,1,0,1,0,1,54,1
283,0,0,1,0,1,0,1,45,1
366,0,0,1,0,1,0,1,26,1
273,0,0,1,0,1,0,1,29,1
443,0,0,1,0,1,0,1,29,1
655,0,0,1,0,1,0,1,29,1
144,0,0,1,0,1,0,1,26,1
1098,0,0,1,0,1,0,1,37,1
402,0,0,1,0,1,0,1,52,1
1504,0,0,1,0,1,0,1,60,1
366,0,0,1,0,1,0,1,30,1
453,0,0,1,0,1,0,0,46,1
377,0,0,1,0,1,0,1,21,1
915,0,0,1,0,1,0,0,26,1
851,0,0,1,0,1,0,1,33,1
378,0,0,1,0,1,0,1,29,1
334,0,0,1,0,1,0,1,30,1
250,0,0,1,0,1,0,1,42,1
741,0,0,1,0,1,0,1,27,1
453,0,0,1,0,1,0,1,25,1
1279,0,0,1,0,1,0,1,32,1
478,0,0,1,0,1,0,1,24,1
1564,0,0,1,0,1,0,0,52,1
999,0,0,1,0,1,0,1,47,1
1119,0,0,1,0,1,0,0,30,1
414,0,0,1,0,1,0,1,25,1
446,0,0,1,0,1,0,1,42,1
1161,0,0,1,0,1,0,1,28,1
1348,0,0,1,0,1,0,1,27,1
169,0,0,1,0,1,0,1,27,1
446,0,0,1,0,1,0,1,24,1
940,0,0,1,0,1,0,0,29,1
466,0,0,1,0,1,0,0,27,1
214,0,0,1,0,1,0,1,29,1
672,0,0,1,0,1,0,0,29,1
318,0,0,1,0,1,0,1,32,1
210,0,0,1,0,1,0,1,24,1
972,0,0,1,0,1,0,1,26,1
330,0,0,1,0,1,0,1,29,1
895,0,0,1,0,1,0,1,28,1
383,0,0,1,0,1,0,1,41,1
849,0,0,1,0,1,0,1,24,1
1218,0,0,1,0,1,0,1,24,1
989,0,0,1,0,1,0,1,36,1
575,0,0,1,0,1,0,1,24,1
415,0,0,1,0,1,0,1,24,1
798,0,0,1,0,1,0,1,32,1
1094,0,0,1,0,1,0,1,28,1
1293,0,0,1,0,1,0,1,27,1
585,0,0,1,0,1,0,1,44,1
371,0,0,1,0,1,0,1,38,1
607,0,0,1,0,1,0,0,24,1
329,0,0,1,0,1,0,1,29,1
1549,0,0,1,0,1,0,1,37,1
176,0,0,1,0,1,0,1,31,1
804,0,0,1,0,1,0,1,39,1
249,0,0,1,0,1,0,1,28,1
1049,0,0,1,0,1,0,1,34,1
235,0,0,1,0,1,0,0,29,1
712,0,0,1,0,1,0,1,25,1
1940,0,0,1,0,1,0,1,26,1
1233,0,0,1,0,1,0,1,41,1
1433,0,0,1,0,1,0,0,35,1
272,0,0,1,0,1,0,0,35,1
577,0,0,1,0,1,0,1,33,1
305,0,0,1,0,1,0,1,32,1
730,0,0,1,0,1,0,0,48,1
414,0,0,1,0,1,0,1,30,1
346,0,0,1,0,1,0,0,26,1
317,0,0,1,0,1,0,1,37,1
1068,0,0,1,0,1,0,1,31,1
938,0,0,1,0,1,0,0,24,1
1154,0,0,1,0,1,0,1,33,1
914,0,0,1,0,1,0,1,32,1
244,0,0,1,0,1,0,1,20,1
2113,0,0,1,0,1,0,1,33,1
768,0,0,1,0,1,0,1,33,1
1081,0,0,1,0,1,0,1,29,1
1147,0,0,1,0,1,0,1,26,1
458,0,0,1,0,1,0,1,24,1
856,0,0,1,0,1,0,1,42,1
980,0,0,1,0,1,0,1,22,1
1312,0,0,1,0,1,0,1,40,1
805,0,0,1,0,1,0,1,43,1
717,0,0,1,0,1,0,1,34,1
705,0,0,1,0,1,0,1,28,1
538,0,0,1,0,1,0,1,26,1
767,0,0,1,0,1,0,1,23,1
921,0,0,1,0,1,0,1,45,1
849,0,0,1,0,1,0,0,44,1
356,0,0,1,0,1,0,1,20,1
593,0,0,1,0,1,0,1,27,1
470,0,0,1,0,1,0,1,58,1
1010,0,0,1,0,1,0,1,24,1
274,0,0,1,0,1,0,0,29,1
376,0,0,1,0,1,0,1,24,1
938,0,0,1,0,1,0,1,55,1
150,0,0,1,0,1,0,1,27,1
1193,0,0,1,0,1,0,0,30,1
882,0,0,1,0,1,0,1,27,1
694,0,0,1,0,1,0,1,25,1
854,0,0,1,0,1,0,1,23,1
367,0,0,1,0,1,0,1,23,1
579,0,0,1,0,1,0,1,24,1
774,0,0,1,0,1,0,0,35,1
1259,0,0,1,0,1,0,0,27,1
144,0,0,1,0,1,0,1,30,1
197,0,0,1,0,1,0,1,23,1
484,0,0,1,0,1,0,1,28,1
431,0,0,1,0,1,0,1,23,1
275,0,0,1,0,1,0,1,24,1
359,0,0,1,0,1,0,1,20,1
20,0,0,1,0,1,0,1,27,1
966,0,0,1,0,1,0,1,35,1
953,0,0,1,0,1,0,1,30,1
502,0,0,1,0,1,0,0,35,1
439,0,0,1,0,1,0,1,51,1
1306,0,0,1,0,1,0,1,32,1
408,0,0,1,0,1,0,1,40,1
701,0,0,1,0,1,0,1,49,1
140,0,0,1,0,1,0,1,49,1
1218,0,0,1,0,1,0,1,25,1
531,0,0,1,0,1,0,1,29,1
771,0,0,1,0,1,0,1,32,1
633,0,0,1,0,1,0,1,25,1
347,0,0,1,0,1,0,1,31,1
2245,0,0,1,0,1,0,1,29,1
383,0,0,1,0,1,0,1,27,1
212,0,0,1,0,1,0,1,49,1
16,0,0,1,0,1,0,0,23,1
221,0,0,1,0,1,0,1,32,1
1427,0,0,1,0,1,0,1,49,1
157,0,0,1,0,1,0,1,27,1
310,0,0,1,0,1,0,0,34,1
382,0,0,1,0,1,0,0,29,1
257,0,0,1,0,1,0,0,24,1
1010,0,0,1,0,1,0,0,26,1
236,0,0,1,0,1,0,1,23,1
418,0,0,1,0,1,0,1,40,1
858,0,0,1,0,1,0,0,35,1
136,0,0,1,0,1,0,1,48,1
955,0,0,1,0,1,0,1,44,1
4,0,0,1,0,1,0,0,37,1
215,0,0,1,0,1,0,1,25,1
922,0,0,1,0,1,0,1,57,1
184,0,0,1,0,1,0,1,34,1
1319,0,0,1,0,1,0,0,29,1
181,0,0,1,0,1,0,1,31,1
748,0,0,1,0,1,0,0,28,1
207,0,0,1,0,1,0,1,46,1
469,0,0,1,0,1,0,1,40,1
765,0,0,1,0,1,0,0,43,1
401,0,0,1,0,1,0,1,37,1
1104,0,0,1,0,1,0,1,52,1
1226,0,0,1,0,1,0,1,27,1
442,0,0,1,0,1,0,1,32,1
49,0,0,1,0,1,0,1,42,1
393,0,0,1,0,1,0,0,65,1
1539,0,0,1,0,1,0,1,29,1
491,0,0,1,0,1,0,1,28,1
37,0,0,1,0,1,0,0,22,1
487,0,0,1,0,1,0,0,24,1
383,0,0,1,0,1,0,1,28,1
1434,0,0,1,0,1,0,0,44,1
183,0,0,1,0,1,0,1,26,1
537,0,0,1,0,1,0,1,26,1
501,0,0,1,0,1,0,1,25,1
229,0,0,1,0,1,0,1,34,1
385,0,0,1,0,1,0,1,26,1
684,0,0,1,0,1,0,1,42,1
218,0,0,1,0,1,0,1,40,1
599,0,0,1,0,1,0,1,32,1
1141,0,0,1,0,1,0,1,20,1
343,0,0,1,0,1,0,1,26,1
1097,0,0,1,0,1,0,0,26,1
246,0,0,1,0,1,0,1,46,1
1329,0,0,1,0,1,0,1,29,1
142,0,0,1,0,1,0,0,30,1
202,0,0,1,0,1,0,1,26,1
1587,0,0,1,0,1,0,0,25,1
1981,0,0,1,0,1,0,0,26,1
363,0,0,1,0,1,0,1,42,1
83,0,0,1,0,1,0,1,42,1
1600,0,0,1,0,1,0,0,33,1
1208,0,0,1,0,1,0,1,27,1
392,0,0,1,0,1,0,1,32,1
881,0,0,1,0,1,0,0,30,1
277,0,0,1,0,1,0,1,52,1
763,0,0,1,0,1,0,1,29,1
241,0,0,1,0,1,0,1,32,1
1027,0,0,1,0,1,0,0,28,1
705,0,0,1,0,1,0,1,26,1
1872,0,0,1,0,1,0,1,18,1
850,0,0,1,0,1,0,0,21,1
621,0,0,1,0,1,0,0,24,1
307,0,0,1,0,1,0,1,28,1
878,0,0,1,0,1,0,1,23,1
362,0,0,1,0,1,0,0,28,1
437,0,0,1,0,1,0,0,56,1
388,0,0,1,0,1,0,1,42,1
3,0,0,1,0,1,0,1,26,1
750,0,0,1,0,1,0,0,57,1
440,0,0,1,0,1,0,1,28,1
827,0,0,1,0,1,0,1,66,1
363,0,0,1,0,1,0,1,36,1
243,0,0,1,0,1,0,1,27,1
374,0,0,1,0,1,0,0,24,1
180,0,0,1,0,1,0,1,38,1
948,0,0,1,0,1,0,1,26,1
401,0,0,1,0,1,0,1,27,1
779,0,0,1,0,1,0,1,33,1
706,0,0,1,0,1,0,1,29,1
954,0,0,1,0,1,0,1,21,1
371,0,0,1,0,1,0,1,28,1
868,0,0,1,0,1,0,1,29,1
1084,0,0,1,0,1,0,1,20,1
273,0,0,1,0,1,0,1,35,1
522,0,0,1,0,1,0,1,19,1
504,0,0,1,0,1,0,1,32,1
596,0,0,1,0,1,0,1,55,1
131,0,0,1,0,1,0,1,29,1
366,0,0,1,0,1,0,0,24,1
812,0,0,1,0,1,0,1,24,1
689,0,0,1,0,1,0,1,35,1
796,0,0,1,0,1,0,1,44,1
461,0,0,1,0,1,0,1,35,1
846,0,0,1,0,1,0,1,49,1
292,0,0,1,0,1,0,1,25,1
1200,0,0,1,0,1,0,1,25,1
665,0,0,1,0,1,0,0,22,1
465,0,0,1,0,1,0,1,21,1
374,0,0,1,0,1,0,1,21,1
1153,0,0,1,0,1,0,1,28,1
535,0,0,1,0,1,0,1,28,1
635,0,0,1,0,1,0,1,29,1
292,0,0,1,0,1,0,1,21,1
1116,0,0,1,0,1,0,0,31,1
423,0,0,1,0,1,0,1,40,1
789,0,0,1,0,1,0,1,31,1
1360,0,0,1,0,1,0,1,51,1
233,0,0,1,0,1,0,0,32,1
390,0,0,1,0,1,0,1,26,1
1013,0,0,1,0,1,0,1,25,1
342,0,0,1,0,1,0,1,25,1
882,0,0,1,0,1,0,1,42,1
652,0,0,1,0,1,0,0,25,1
505,0,0,1,0,1,0,0,31,1
1017,0,0,1,0,1,0,1,30,1
408,0,0,1,0,1,0,0,25,1
347,0,0,1,0,1,0,1,19,1
453,0,0,1,0,1,0,0,25,1
190,0,0,1,0,1,0,1,38,1
913,0,0,1,0,1,0,0,30,1
316,0,0,1,0,1,0,1,26,1
448,0,0,1,0,1,0,1,38,1
755,0,0,1,0,1,0,1,52,1
333,0,0,1,0,1,0,1,29,1
545,0,0,1,0,1,0,1,40,1
399,0,0,1,0,1,0,1,26,1
751,0,0,1,0,1,0,1,57,1
344,0,0,1,0,1,0,1,32,1
989,0,0,1,0,1,0,0,38,1
502,0,0,1,0,1,0,0,24,1
2161,0,0,1,0,1,0,1,34,1
441,0,0,1,0,1,0,1,30,1
385,0,0,1,0,1,0,1,39,1
378,0,0,1,0,1,0,1,30,1
551,0,0,1,0,1,0,1,33,1
281,0,0,1,0,1,0,1,41,1
1118,0,0,1,0,1,0,1,36,1
415,0,0,1,0,1,0,1,27,1
756,0,0,1,0,1,0,1,50,1
511,0,0,1,0,1,0,1,38,1
277,0,0,1,0,1,0,1,61,1
358,0,0,1,0,1,0,1,28,1
184,0,0,1,0,1,0,1,25,1
315,0,0,1,0,1,0,1,21,1
726,0,0,1,0,1,0,1,41,1
330,0,0,1,0,1,0,1,30,1
337,0,0,1,0,1,0,1,23,1
251,0,0,1,0,1,0,0,27,1
961,0,0,1,0,1,0,1,23,1
362,0,0,1,0,1,0,1,28,1
536,0,0,1,0,1,0,0,32,1
1047,0,0,1,0,1,0,1,25,1
1161,0,0,1,0,1,0,0,20,1
228,0,0,1,0,1,0,1,40,1
498,0,0,1,0,1,0,1,21,1
330,0,0,1,0,1,0,1,41,1
533,0,0,1,0,1,0,1,31,1
102,0,0,1,0,1,0,1,23,1
271,0,0,1,0,1,0,1,54,1
6,0,0,1,0,1,0,0,24,1
1232,0,0,1,0,1,0,0,30,1
4264,0,0,1,0,1,0,0,44,1
396,0,0,1,0,1,0,1,32,1
880,0,0,1,0,1,0,1,21,1
708,0,0,1,0,1,0,1,35,1
418,0,0,1,0,1,0,1,28,1
578,0,0,1,0,1,0,1,26,1
481,0,0,1,0,1,0,1,30,1
413,0,0,1,0,1,0,1,29,1
660,0,0,1,0,1,0,1,49,1
763,0,0,1,0,1,0,1,36,1
685,0,0,1,0,1,0,1,53,1
431,0,0,1,0,1,0,1,31,1
1038,0,0,1,0,1,0,1,27,1
239,0,0,1,0,1,0,1,26,1
759,0,0,1,0,1,0,1,26,1
826,0,0,1,0,1,0,1,49,1
380,0,0,1,0,1,0,0,21,1
1198,0,0,1,0,1,0,1,37,1
283,0,0,1,0,1,0,1,47,1
290,0,0,1,0,1,0,1,29,1
422,0,0,1,0,1,0,1,46,1
1518,0,0,1,0,1,0,1,38,1
1195,0,0,1,0,1,0,0,29,1
474,0,0,1,0,1,0,1,33,1
490,0,0,1,0,1,0,1,30,1
563,0,0,1,0,1,0,1,31,1
1452,0,0,1,0,1,0,0,28,1
853,0,0,1,0,1,0,1,23,1
904,0,0,1,0,1,0,0,25,1
263,0,0,1,0,1,0,1,43,1
846,0,0,1,0,1,0,1,18,1
292,0,0,1,0,1,0,1,39,1
832,0,0,1,0,1,0,1,32,1
597,0,0,1,0,1,0,0,32,1
1646,0,0,1,0,1,0,1,29,1
329,0,0,1,0,1,0,1,25,1
1296,0,0,1,0,1,0,1,26,1
2469,0,0,1,0,1,0,0,25,1
339,0,0,1,0,1,0,1,43,1
578,0,0,1,0,1,0,1,34,1
325,0,0,1,0,1,0,1,25,1
1890,0,0,1,0,1,0,1,26,1
236,0,0,1,0,1,0,1,37,1
793,0,0,1,0,1,0,1,31,1
509,0,0,1,0,1,0,1,55,1
1030,0,0,1,0,1,0,1,18,1
882,0,0,1,0,1,0,1,25,1
732,0,0,1,0,1,0,0,24,1
248,0,0,1,0,1,0,1,30,1
480,0,0,1,0,1,0,1,30,1
732,1,0,0,0,1,0,0,34,7
491,0,1,0,0,1,0,0,27,7
1225,0,1,0,0,1,0,0,31,7
487,0,1,0,0,1,0,0,55,7
408,0,1,0,0,1,0,0,33,7
441,0,1,0,0,1,0,0,25,7
1253,1,0,0,0,1,0,0,24,7
415,1,0,0,0,1,0,0,32,7
968,0,1,0,0,1,0,0,27,7
45,1,0,0,0,1,0,0,49,7
1272,1,0,0,0,1,0,0,31,7
1269,0,1,0,0,1,0,0,23,7
1458,0,1,0,0,1,0,0,58,7
528,0,1,0,0,1,0,0,39,7
717,0,1,0,0,1,0,0,33,7
1007,1,0,0,0,1,0,0,24,7
533,0,0,0,1,1,0,0,35,7
1378,1,0,0,0,1,0,0,51,7
827,1,0,0,0,1,0,0,45,7
537,1,0,0,0,1,0,0,26,7
201,1,0,0,0,1,0,0,22,7
579,1,0,0,0,1,0,0,37,7
623,0,1,0,0,1,0,0,32,7
246,0,1,0,0,1,0,0,32,7
1135,0,1,0,0,1,0,0,44,7
1472,0,1,0,0,1,0,0,46,7
473,1,0,0,0,1,0,0,44,7
1445,0,1,0,0,1,0,0,34,7
424,0,1,0,0,1,0,0,35,7
937,0,1,0,0,1,0,0,29,7
501,1,0,0,0,1,0,0,24,7
776,1,0,0,0,1,0,0,25,7
512,0,1,0,0,1,0,0,26,7
434,0,1,0,0,1,0,0,44,7
640,0,1,0,0,1,0,0,48,7
273,1,0,0,0,1,0,0,32,7
472,0,1,0,0,1,0,0,25,7
256,1,0,0,0,1,0,0,25,7
250,0,1,0,0,1,0,0,30,7
325,0,1,0,0,1,0,0,55,7
281,1,0,0,0,1,0,0,26,7
1421,0,1,0,0,1,0,0,36,7
449,1,0,0,0,1,0,0,30,7
585,1,0,0,0,1,0,0,39,7
1023,1,0,0,0,1,0,0,45,7
863,1,0,0,0,1,0,0,46,7
616,0,1,0,0,1,0,0,27,7
576,0,1,0,0,1,0,0,26,7
1033,0,1,0,0,1,0,0,29,7
494,0,1,0,0,1,0,0,25,7
326,0,1,0,0,1,0,0,29,7
1723,0,1,0,0,1,0,0,47,7
1165,0,1,0,0,1,0,0,29,7
385,0,1,0,0,1,0,0,47,7
1262,0,1,0,0,1,0,0,53,7
734,1,0,0,0,1,0,0,26,7
1388,1,0,0,0,1,0,0,23,7
3314,1,0,0,0,1,0,0,48,7
505,1,0,0,0,1,0,0,40,7
1142,1,0,0,0,1,0,0,31,7
872,1,0,0,0,1,0,0,30,7
518,0,1,0,0,1,0,0,25,7
504,0,1,0,0,1,0,0,54,7
390,1,0,0,0,1,0,0,48,7
277,1,0,0,0,1,0,0,22,7
1100,0,1,0,0,1,0,0,25,7
718,0,1,0,0,1,0,0,27,7
609,1,0,0,0,1,0,0,20,7
461,0,1,0,0,1,0,0,25,7
1178,1,0,0,0,1,0,0,31,7
243,1,0,0,0,1,0,0,43,7
345,1,0,0,0,1,0,0,35,7
854,1,0,0,0,1,0,0,53,7
211,0,1,0,0,1,0,0,26,7
539,1,0,0,0,1,0,0,34,7
1525,0,1,0,0,1,0,0,58,7
1235,0,1,0,0,1,0,0,36,7
214,1,0,0,0,1,0,0,38,7
256,0,1,0,0,1,0,0,56,7
378,1,0,0,0,1,0,0,49,7
863,1,0,0,0,1,0,0,24,7
1446,1,0,0,0,1,0,0,31,7
387,1,0,0,0,1,0,0,25,7
379,1,0,0,0,1,0,0,26,7
643,0,1,0,0,1,0,0,45,7
718,0,1,0,0,1,0,0,26,7
330,0,1,0,0,1,0,0,25,7
397,0,1,0,0,1,0,0,62,7
79,0,1,0,0,1,0,0,36,7
530,1,0,0,0,1,0,0,20,7
238,1,0,0,0,1,0,0,43,7
280,1,0,0,0,1,0,0,29,7
668,0,1,0,0,1,0,0,62,7
192,0,1,0,0,1,0,0,27,7
1416,0,1,0,0,1,0,0,36,7
834,0,1,0,0,1,0,0,28,7
272,1,0,0,0,1,0,0,38,7
401,0,1,0,0,1,0,0,48,7
266,1,0,0,0,1,0,0,38,7
369,1,0,0,0,1,0,0,32,7
940,0,1,0,0,1,0,0,20,7
615,1,0,0,0,1,0,0,52,7
918,0,1,0,0,1,0,0,47,7
328,0,1,0,0,1,0,0,54,7
272,0,1,0,0,1,0,0,24,7
720,1,0,0,0,1,0,0,33,7
1671,0,1,0,0,1,0,0,34,7
798,0,1,0,0,1,0,0,52,7
386,1,0,0,0,1,0,0,48,7
781,1,0,0,0,1,0,0,39,7
312,1,0,0,0,1,0,0,21,7
1420,1,0,0,0,1,0,0,35,7
282,1,0,0,0,1,0,0,58,7
597,1,0,0,0,1,0,0,50,7
1108,0,1,0,0,1,0,0,46,7
312,1,0,0,0,1,0,0,24,7
1235,0,1,0,0,1,0,0,32,7
1020,0,1,0,0,1,0,0,26,7
406,1,0,0,0,1,0,0,43,7
436,0,1,0,0,1,0,0,32,7
431,0,1,0,0,1,0,0,33,7
389,0,1,0,0,1,0,0,29,7
322,0,1,0,0,1,0,0,32,7
246,0,1,0,0,1,0,0,29,7
1105,1,0,0,0,1,0,0,30,7
564,0,1,0,0,1,0,0,32,7
663,1,0,0,0,1,0,0,53,7
660,1,0,0,0,1,0,0,37,7
256,1,0,0,0,1,0,0,35,7
1308,1,0,0,0,1,0,0,30,7
424,1,0,0,0,1,0,0,27,7
400,1,0,0,0,1,0,0,34,7
850,0,1,0,0,1,0,0,24,7
887,0,1,0,0,1,0,0,35,7
1080,0,1,0,0,1,0,0,30,7
636,1,0,0,0,1,0,0,32,7
294,1,0,0,0,1,0,0,37,7
499,0,1,0,0,1,0,0,52,7
527,1,0,0,0,1,0,0,31,7
560,0,1,0,0,1,0,0,30,7
510,1,0,0,0,1,0,0,32,7
249,0,0,0,1,1,0,0,29,7
1521,0,1,0,0,1,0,0,24,7
1525,1,0,0,0,1,0,0,26,7
212,0,1,0,0,1,0,0,39,7
904,1,0,0,0,1,0,0,24,7
531,0,1,0,0,1,0,0,55,7
392,0,1,0,0,1,0,0,26,7
375,0,1,0,0,1,0,0,45,7
386,0,1,0,0,1,0,0,38,7
1613,1,0,0,0,1,0,0,37,7
336,1,0,0,0,1,0,0,24,7
543,1,0,0,0,1,0,0,33,7
880,1,0,0,0,1,0,0,47,7
463,0,1,0,0,1,0,0,26,7
582,0,1,0,0,1,0,0,28,7
1159,0,1,0,0,1,0,0,49,7
441,0,1,0,0,1,0,0,32,7
1627,1,0,0,0,1,0,0,44,7
566,1,0,0,0,1,0,0,30,7
610,1,0,0,0,1,0,0,25,7
571,1,0,0,0,1,0,0,31,7
402,1,0,0,0,1,0,0,25,7
463,1,0,0,0,1,0,0,40,7
1214,0,1,0,0,1,0,0,56,7
539,0,1,0,0,1,0,0,43,7
386,0,1,0,0,1,0,0,24,7
1303,0,1,0,0,1,0,0,21,7
1597,0,1,0,0,1,0,0,40,7
548,0,1,0,0,1,0,0,57,7
592,1,0,0,0,1,0,0,33,7
826,1,0,0,0,1,0,0,54,7
1065,1,0,0,0,1,0,0,35,7
512,0,1,0,0,1,0,0,27,7
873,1,0,0,0,1,0,0,53,7
1235,0,1,0,0,1,0,0,48,7
1452,0,1,0,0,1,0,0,46,7
504,1,0,0,0,1,0,0,28,7
402,1,0,0,0,1,0,0,27,7
473,1,0,0,0,1,0,0,30,7
818,0,1,0,0,1,0,0,39,7
625,0,1,0,0,1,0,0,30,7
527,0,1,0,0,1,0,0,28,7
315,1,0,0,0,1,0,0,45,7
634,1,0,0,0,1,0,0,25,7
486,0,1,0,0,1,0,0,38,7
556,1,0,0,0,1,0,0,41,7
829,1,0,0,0,1,0,0,23,7
325,0,1,0,0,1,0,0,27,7
743,1,0,0,0,1,0,0,60,7
1313,1,0,0,0,1,0,0,31,7
407,0,1,0,0,1,0,0,29,7
1339,0,1,0,0,1,0,0,47,7
1445,0,1,0,0,1,0,0,54,7
2326,1,0,0,0,1,0,0,58,7
1024,0,1,0,0,1,0,0,20,7
505,0,1,0,0,1,0,0,29,7
452,0,1,0,0,1,0,0,57,7
979,0,1,0,0,1,0,0,17,7
231,0,1,0,0,1,0,0,35,7
1121,1,0,0,0,1,0,0,25,7
930,0,1,0,0,1,0,0,54,7
971,1,0,0,0,1,0,0,27,7
367,1,0,0,0,1,0,0,32,7
346,0,1,0,0,1,0,0,54,7
1445,1,0,0,0,1,0,0,28,7
275,0,1,0,0,1,0,0,23,7
252,1,0,0,0,1,0,0,30,7
294,0,1,0,0,1,0,0,28,7
1381,0,1,0,0,1,0,0,57,7
425,1,0,0,0,1,0,0,28,7
561,1,0,0,0,1,0,0,53,7
1674,0,1,0,0,1,0,0,27,7
1589,1,0,0,0,1,0,0,55,7
345,0,1,0,0,1,0,0,32,7
393,1,0,0,0,1,0,0,40,7
270,1,0,0,0,1,0,0,19,7
330,0,1,0,0,1,0,0,54,7
1456,0,1,0,0,1,0,0,53,7
242,1,0,0,0,1,0,0,30,7
577,1,0,0,0,1,0,0,44,7
978,1,0,0,0,1,0,0,29,7
680,0,1,0,0,1,0,0,36,7
410,0,1,0,0,1,0,0,48,7
939,1,0,0,0,1,0,0,27,7
595,0,1,0,0,1,0,0,27,7
514,0,1,0,0,1,0,0,29,7
473,0,1,0,0,1,0,0,56,7
403,1,0,0,0,1,0,0,29,7
237,1,0,0,0,1,0,0,38,7
622,0,0,0,1,1,0,0,22,7
902,1,0,0,0,1,0,0,26,7
1381,1,0,0,0,1,0,0,27,7
602,1,0,0,0,1,0,0,42,7
394,1,0,0,0,1,0,0,37,7
682,0,0,0,1,1,0,0,33,7
694,1,0,0,0,1,0,0,36,7
802,0,1,0,0,1,0,0,27,7
299,1,0,0,0,1,0,0,54,7
471,0,1,0,0,1,0,0,28,7
394,0,1,0,0,1,0,0,28,7
668,0,1,0,0,1,0,0,27,7
369,0,1,0,0,1,0,0,25,7
232,1,0,0,0,1,0,0,43,7
852,1,0,0,0,1,0,0,40,7
507,1,0,0,0,1,0,0,39,7
227,1,0,0,0,1,0,0,54,7
301,1,0,0,0,1,0,0,30,7
1373,0,1,0,0,1,0,0,34,7
580,0,1,0,0,1,0,0,43,7
373,0,1,0,0,1,0,0,32,7
243,1,0,0,0,1,0,0,53,7
748,0,1,0,0,1,0,0,60,7
825,0,1,0,0,1,0,0,24,7
666,1,0,0,0,1,0,0,23,7
477,1,0,0,0,1,0,0,29,7
936,0,1,0,0,1,0,0,61,7
496,0,1,0,0,1,0,0,20,7
406,0,1,0,0,1,0,0,58,7
286,0,1,0,0,1,0,0,39,7
491,1,0,0,0,1,0,0,24,7
320,0,1,0,0,1,0,0,59,7
478,0,1,0,0,1,0,0,29,7
1603,0,1,0,0,1,0,0,34,7
230,1,0,0,0,1,0,0,28,7
717,0,1,0,0,1,0,0,33,7
532,0,1,0,0,1,0,0,27,7
2362,0,1,0,0,1,0,0,28,7
774,0,1,0,0,1,0,0,32,7
1336,1,0,0,0,1,0,0,49,7
1344,1,0,0,0,1,0,0,47,7
468,0,1,0,0,1,0,0,30,7
334,1,0,0,0,1,0,0,54,7
472,1,0,0,0,1,0,0,32,7
1033,0,1,0,0,1,0,0,32,7
1176,1,0,0,0,1,0,0,30,7
572,0,1,0,0,1,0,0,26,7
28,1,0,0,0,1,0,0,25,7
790,0,1,0,0,1,0,0,24,7
604,0,1,0,0,1,0,0,21,7
949,0,1,0,0,1,0,0,32,7
523,0,1,0,0,1,0,0,53,7
593,1,0,0,0,1,0,0,27,7
434,0,1,0,0,1,0,0,31,7
553,1,0,0,0,1,0,0,27,7
603,1,0,0,0,1,0,0,33,7
126,0,1,0,0,1,0,0,53,7
470,0,1,0,0,1,0,0,38,7
235,1,0,0,0,1,0,0,25,7
197,1,0,0,0,1,0,0,47,7
202,0,0,0,1,1,0,0,24,7
257,1,0,0,0,1,0,0,24,7
1099,1,0,0,0,1,0,0,23,7
499,0,1,0,0,1,0,0,31,7
758,0,1,0,0,1,0,0,24,7
295,0,1,0,0,1,0,0,20,7
287,1,0,0,0,1,0,0,54,7
606,1,0,0,0,1,0,0,38,7
496,0,0,0,1,1,0,0,45,7
409,1,0,0,0,1,0,0,56,7
379,0,1,0,0,1,0,0,55,7
226,0,1,0,0,1,0,0,53,7
788,0,1,0,0,1,0,0,56,7
6,0,1,0,0,1,0,0,53,7
896,1,0,0,0,1,0,0,56,7
405,0,1,0,0,1,0,0,54,7
1705,0,1,0,0,1,0,0,30,7
1272,1,0,0,0,1,0,0,36,7
1648,0,1,0,0,1,0,0,33,7
352,1,0,0,0,1,0,0,25,7
201,0,1,0,0,1,0,0,22,7
927,0,1,0,0,1,0,0,26,7
475,0,1,0,0,1,0,0,22,7
362,1,0,0,0,1,0,0,24,7
427,1,0,0,0,1,0,0,35,7
465,0,1,0,0,1,0,0,47,7
1720,0,1,0,0,1,0,0,40,7
146,1,0,0,0,1,0,0,63,7
504,1,0,0,0,1,0,0,48,7
517,0,1,0,0,1,0,0,28,7
434,1,0,0,0,1,0,0,24,7
1459,1,0,0,0,1,0,0,39,7
199,0,1,0,0,1,0,0,56,7
993,0,1,0,0,1,0,0,33,7
411,1,0,0,0,1,0,0,29,7
876,0,1,0,0,1,0,0,54,7
327,1,0,0,0,1,0,0,38,7
548,1,0,0,0,1,0,0,39,7
680,0,1,0,0,1,0,0,53,7
424,0,1,0,0,1,0,0,52,7
821,0,1,0,0,1,0,0,32,7
844,0,1,0,0,1,0,0,27,7
492,1,0,0,0,1,0,0,44,7
413,1,0,0,0,1,0,0,43,7
859,1,0,0,0,1,0,0,42,7
1432,0,1,0,0,1,0,0,25,7
528,0,1,0,0,1,0,0,26,7
208,0,1,0,0,1,0,0,30,7
904,0,1,0,0,1,0,0,30,7
1100,1,0,0,0,1,0,0,26,7
419,0,1,0,0,1,0,0,27,7
714,0,1,0,0,1,0,0,32,7
1445,0,1,0,0,1,0,0,46,7
1080,1,0,0,0,1,0,0,31,7
761,0,1,0,0,1,0,0,49,7
731,0,1,0,0,1,0,0,31,7
279,0,1,0,0,1,0,0,34,7
640,1,0,0,0,1,0,0,38,7
485,1,0,0,0,1,0,0,40,7
301,0,1,0,0,1,0,0,25,7
328,1,0,0,0,1,0,0,38,7
514,0,1,0,0,1,0,0,44,7
807,0,1,0,0,1,0,0,27,7
917,0,1,0,0,1,0,0,32,7
680,1,0,0,0,1,0,0,32,7
547,1,0,0,0,1,0,0,24,7
266,1,0,0,0,1,0,0,47,7
1047,1,0,0,0,1,0,0,31,7
533,1,0,0,0,1,0,0,34,7
572,1,0,0,0,1,0,0,32,7
1180,1,0,0,0,1,0,0,24,7
264,0,1,0,0,1,0,0,57,7
549,1,0,0,0,1,0,0,24,7
2243,0,1,0,0,1,0,0,42,7
855,1,0,0,0,1,0,0,32,7
617,1,0,0,0,1,0,0,32,7
556,0,1,0,0,1,0,0,52,7
878,1,0,0,0,1,0,0,23,7
1029,1,0,0,0,1,0,0,30,7
1380,1,0,0,0,1,0,0,42,7
407,1,0,0,0,1,0,0,30,7
559,1,0,0,0,1,0,0,24,7
531,1,0,0,0,1,0,0,29,7
1047,0,1,0,0,1,0,0,28,7
251,1,0,0,0,1,0,0,22,7
1109,1,0,0,0,1,0,0,50,7
639,0,1,0,0,1,0,0,42,7
965,0,1,0,0,1,0,0,33,7
606,1,0,0,0,1,0,0,24,7
284,0,1,0,0,1,0,0,44,7
1064,1,0,0,0,1,0,0,30,7
205,1,0,0,0,1,0,0,34,7
330,1,0,0,0,1,0,0,24,7
674,0,1,0,0,1,0,0,43,7
681,0,1,0,0,1,0,0,25,7
607,0,1,0,0,1,0,0,29,7
466,0,1,0,0,1,0,0,22,7
621,0,1,0,0,1,0,0,38,7
380,1,0,0,0,1,0,0,25,7
783,0,1,0,0,1,0,0,27,7
644,1,0,0,0,1,0,0,21,7
331,0,1,0,0,1,0,0,28,7
765,0,1,0,0,1,0,0,27,7
582,0,1,0,0,1,0,0,54,7
297,1,0,0,0,1,0,0,32,7
489,1,0,0,0,1,0,0,22,7
450,0,1,0,0,1,0,0,21,7
330,0,1,0,0,1,0,0,53,7
343,1,0,0,0,1,0,0,24,7
611,0,1,0,0,1,0,0,25,7
908,0,1,0,0,1,0,0,28,7
535,1,0,0,0,1,0,0,29,7
406,1,0,0,0,1,0,0,24,7
1379,1,0,0,0,1,0,0,23,7
414,1,0,0,0,1,0,0,40,7
384,0,1,0,0,1,0,0,20,7
550,1,0,0,0,1,0,0,37,7
753,1,0,0,0,1,0,0,34,7
717,1,0,0,0,1,0,0,36,7
723,1,0,0,0,1,0,0,25,7
317,1,0,0,0,1,0,0,49,7
403,1,0,0,0,1,0,0,20,7
572,1,0,0,0,1,0,0,32,7
538,1,0,0,0,1,0,0,40,7
232,1,0,0,0,1,0,0,43,7
428,1,0,0,0,1,0,0,23,7
780,1,0,0,0,1,0,0,34,7
1412,1,0,0,0,1,0,0,24,7
1083,1,0,0,0,1,0,0,33,7
1675,1,0,0,0,1,0,0,51,7
1101,1,0,0,0,1,0,0,46,7
1362,1,0,0,0,1,0,0,31,7
766,1,0,0,0,1,0,0,43,7
681,0,1,0,0,1,0,0,28,7
1119,1,0,0,0,1,0,0,56,7
1063,1,0,0,0,1,0,0,17,7
932,0,1,0,0,1,0,0,32,7
277,0,1,0,0,1,0,0,44,7
1505,1,0,0,0,1,0,0,40,7
389,1,0,0,0,1,0,0,32,7
724,1,0,0,0,1,0,0,34,7
321,0,1,0,0,1,0,0,35,7
1358,0,1,0,0,1,0,0,47,7
1380,1,0,0,0,1,0,0,31,7
169,1,0,0,0,1,0,0,46,7
482,0,1,0,0,1,0,0,31,7
1520,0,1,0,0,1,0,0,40,7
522,0,1,0,0,1,0,0,31,7
681,1,0,0,0,1,0,0,21,7
1168,1,0,0,0,1,0,0,27,7
808,0,1,0,0,1,0,0,24,7
67,0,1,0,0,1,0,0,28,7
61,0,1,0,0,1,0,0,24,7
1169,0,1,0,0,1,0,0,37,7
910,1,0,0,0,1,0,0,27,7
569,0,1,0,0,1,0,0,43,7
374,1,0,0,0,1,0,0,43,7
766,1,0,0,0,1,0,0,34,7
302,0,1,0,0,1,0,0,54,7
1917,1,0,0,0,1,0,0,48,7
396,1,0,0,0,1,0,0,25,7
220,0,1,0,0,1,0,0,24,7
1537,1,0,0,0,1,0,0,34,7
3,1,0,0,0,1,0,0,21,7
999,1,0,0,0,1,0,0,34,7
466,1,0,0,0,1,0,0,31,7
342,0,1,0,0,1,0,0,39,7
750,0,1,0,0,1,0,0,35,7
973,0,1,0,0,1,0,0,26,7
9100,0,1,0,0,1,0,0,26,7
532,1,0,0,0,1,0,0,34,7
132,1,0,0,0,1,0,0,29,7
510,1,0,0,0,1,0,0,30,7
468,0,1,0,0,1,0,0,25,7
386,1,0,0,0,1,0,0,51,7
1176,0,1,0,0,1,0,0,47,7
542,0,1,0,0,1,0,0,33,7
229,1,0,0,0,1,0,0,32,7
358,0,1,0,0,1,0,0,46,7
466,1,0,0,0,1,0,0,34,7
230,0,1,0,0,1,0,0,27,7
1257,1,0,0,0,1,0,0,39,7
1059,0,1,0,0,1,0,0,51,7
216,0,1,0,0,1,0,0,24,7
484,0,1,0,0,1,0,0,34,7
471,0,1,0,0,1,0,0,20,7
342,0,1,0,0,1,0,0,24,7
227,1,0,0,0,1,0,0,28,7
455,0,1,0,0,1,0,0,29,7
415,1,0,0,0,1,0,0,42,7
536,1,0,0,0,1,0,0,41,7
1197,0,1,0,0,1,0,0,51,7
722,1,0,0,0,1,0,0,56,7
416,1,0,0,0,1,0,0,43,7
377,0,1,0,0,1,0,0,24,7
735,0,1,0,0,1,0,0,51,7
887,0,1,0,0,1,0,0,20,7
1017,1,0,0,0,1,0,0,30,7
674,1,0,0,0,1,0,0,24,7
279,1,0,0,0,1,0,0,39,7
639,0,1,0,0,1,0,0,25,7
291,1,0,0,0,1,0,0,29,7
160,1,0,0,0,1,0,0,32,7
891,0,1,0,0,1,0,0,40,7
888,1,0,0,0,1,0,0,52,7
542,0,1,0,0,1,0,0,38,7
713,1,0,0,0,1,0,0,51,7
596,1,0,0,0,1,0,0,28,7
1170,0,1,0,0,1,0,0,36,7
666,0,1,0,0,1,0,0,32,7
509,1,0,0,0,0,1,1,29,2
529,1,0,0,0,0,1,0,25,2
312,1,0,0,0,0,1,1,50,2
1033,1,0,0,0,0,1,0,39,2
214,1,0,0,0,0,1,1,24,2
184,1,0,0,0,0,1,1,38,2
298,1,0,0,0,0,1,1,26,2
306,1,0,0,0,0,1,0,47,2
872,1,0,0,0,0,1,1,26,2
287,1,0,0,0,0,1,0,34,2
266,1,0,0,0,0,1,1,28,2
886,1,0,0,0,0,1,0,27,2
38,1,0,0,0,0,1,1,32,2
1467,1,0,0,0,0,1,1,32,2
486,1,0,0,0,0,1,1,41,2
541,1,0,0,0,0,1,1,23,2
2907,1,0,0,0,0,1,0,63,2
774,1,0,0,0,0,1,1,22,2
556,1,0,0,0,0,1,0,28,2
743,1,0,0,0,0,1,0,28,2
316,1,0,0,0,0,1,0,29,2
1023,1,0,0,0,0,1,0,27,2
437,1,0,0,0,0,1,0,43,2
1281,1,0,0,0,0,1,1,36,2
526,1,0,0,0,0,1,0,25,2
688,1,0,0,0,0,1,1,25,2
421,1,0,0,0,0,1,1,40,2
1093,1,0,0,0,0,1,0,49,2
493,1,0,0,0,0,1,1,53,2
1390,1,0,0,0,0,1,1,24,2
307,1,0,0,0,0,1,0,27,2
1606,1,0,0,0,0,1,1,36,2
788,1,0,0,0,0,1,1,30,2
391,1,0,0,0,0,1,1,59,2
1720,1,0,0,0,0,1,1,25,2
759,1,0,0,0,0,1,1,46,2
752,1,0,0,0,0,1,1,36,2
712,1,0,0,0,0,1,1,31,2
489,1,0,0,0,0,1,0,30,2
2545,1,0,0,0,0,1,1,53,2
1616,1,0,0,0,0,1,0,39,2
730,1,0,0,0,0,1,1,31,2
1282,1,0,0,0,0,1,1,31,2
1290,1,0,0,0,0,1,1,30,2
588,1,0,0,0,0,1,0,26,2
455,1,0,0,0,0,1,1,26,2
1078,1,0,0,0,0,1,1,28,2
875,1,0,0,0,0,1,1,26,2
303,1,0,0,0,0,1,1,50,2
242,1,0,0,0,0,1,1,29,2
455,1,0,0,0,0,1,1,35,2
714,1,0,0,0,0,1,0,23,2
697,1,0,0,0,0,1,1,22,2
239,1,0,0,0,0,1,1,45,2
1276,1,0,0,0,0,1,1,29,2
362,1,0,0,0,0,1,1,25,2
446,1,0,0,0,0,1,0,32,2
429,1,0,0,0,0,1,1,44,2
530,1,0,0,0,0,1,1,27,2
940,1,0,0,0,0,1,1,30,2
2107,1,0,0,0,0,1,0,28,2
518,1,0,0,0,0,1,0,45,2
418,1,0,0,0,0,1,1,26,2
631,1,0,0,0,0,1,1,31,2
721,1,0,0,0,0,1,0,30,2
295,1,0,0,0,0,1,0,26,2
137,1,0,0,0,0,1,0,27,2
317,1,0,0,0,0,1,0,25,2
512,1,0,0,0,0,1,1,59,2
1515,1,0,0,0,0,1,0,25,2
566,1,0,0,0,0,1,0,38,2
900,1,0,0,0,0,1,1,28,2
242,1,0,0,0,0,1,0,41,2
251,1,0,0,0,0,1,0,24,2
352,1,0,0,0,0,1,1,32,2
191,1,0,0,0,0,1,0,27,2
600,1,0,0,0,0,1,1,23,2
825,1,0,0,0,0,1,0,31,2
368,1,0,0,0,0,1,1,33,2
908,1,0,0,0,0,1,1,30,2
600,1,0,0,0,0,1,0,25,2
274,1,0,0,0,0,1,1,30,2
751,1,0,0,0,0,1,1,23,2
1025,1,0,0,0,0,1,0,57,2
277,1,0,0,0,0,1,0,19,2
546,1,0,0,0,0,1,0,39,2
408,1,0,0,0,0,1,0,25,2
304,1,0,0,0,0,1,1,53,2
1746,1,0,0,0,0,1,1,48,2
7480,1,0,0,0,0,1,0,32,2
290,1,0,0,0,0,1,0,24,2
364,1,0,0,0,0,1,0,25,2
248,1,0,0,0,0,1,1,29,2
317,1,0,0,0,0,1,1,24,2
549,1,0,0,0,0,1,1,65,2
643,1,0,0,0,0,1,1,23,2
234,1,0,0,0,0,1,1,58,2
4,1,0,0,0,0,1,0,24,2
529,1,0,0,0,0,1,1,41,2
1024,1,0,0,0,0,1,1,33,2
595,1,0,0,0,0,1,1,28,2
425,1,0,0,0,0,1,1,32,2
505,1,0,0,0,0,1,1,34,2
680,1,0,0,0,0,1,1,32,2
891,1,0,0,0,0,1,0,22,2
636,1,0,0,0,0,1,0,30,2
617,1,0,0,0,0,1,0,42,2
348,1,0,0,0,0,1,1,32,2
475,1,0,0,0,0,1,1,23,2
466,1,0,0,0,0,1,1,28,2
255,1,0,0,0,0,1,1,56,2
1753,1,0,0,0,0,1,1,48,2
362,1,0,0,0,0,1,1,25,2
1143,1,0,0,0,0,1,1,23,2
400,1,0,0,0,0,1,1,23,2
514,1,0,0,0,0,1,0,33,2
258,1,0,0,0,0,1,1,29,2
577,1,0,0,0,0,1,0,50,2
264,1,0,0,0,0,1,1,27,2
521,1,0,0,0,0,1,1,59,2
328,1,0,0,0,0,1,1,26,2
557,1,0,0,0,0,1,0,43,2
38,1,0,0,0,0,1,1,32,2
899,1,0,0,0,0,1,1,67,2
1091,1,0,0,0,0,1,1,28,2
358,1,0,0,0,0,1,1,32,2
563,1,0,0,0,0,1,0,43,2
541,1,0,0,0,0,1,0,32,2
119,1,0,0,0,0,1,1,30,2
1171,1,0,0,0,0,1,1,30,2
1375,1,0,0,0,0,1,0,32,2
1014,1,0,0,0,0,1,0,33,2
432,1,0,0,0,0,1,1,31,2
901,1,0,0,0,0,1,0,28,2
342,1,0,0,0,0,1,0,23,2
75,1,0,0,0,0,1,0,23,2
595,1,0,0,0,0,1,0,28,2
409,1,0,0,0,0,1,1,21,2
769,1,0,0,0,0,1,1,41,2
350,1,0,0,0,0,1,1,51,2
855,1,0,0,0,0,1,1,32,2
241,1,0,0,0,0,1,1,54,2
471,1,0,0,0,0,1,0,25,2
401,1,0,0,0,0,1,0,33,2
476,1,0,0,0,0,1,1,27,2
223,1,0,0,0,0,1,1,40,2
767,1,0,0,0,0,1,0,27,2
16,1,0,0,0,0,1,0,31,2
424,1,0,0,0,0,1,0,27,2
1112,1,0,0,0,0,1,0,30,2
611,1,0,0,0,0,1,1,26,2
453,1,0,0,0,0,1,1,43,2
221,1,0,0,0,0,1,1,35,2
655,1,0,0,0,0,1,0,31,2
1218,1,0,0,0,0,1,0,30,2
776,1,0,0,0,0,1,1,28,2
1046,1,0,0,0,0,1,1,60,2
511,1,0,0,0,0,1,1,39,2
1641,1,0,0,0,0,1,0,17,2
506,1,0,0,0,0,1,1,20,2
448,1,0,0,0,0,1,1,24,2
598,1,0,0,0,0,1,1,57,2
431,1,0,0,0,0,1,1,35,2
1031,1,0,0,0,0,1,0,43,2
3321,1,0,0,0,0,1,1,35,2
1815,1,0,0,0,0,1,1,70,2
473,1,0,0,0,0,1,1,20,2
605,1,0,0,0,0,1,0,29,2
381,1,0,0,0,0,1,1,43,2
1664,1,0,0,0,0,1,0,25,2
1670,1,0,0,0,0,1,0,51,2
557,1,0,0,0,0,1,1,31,2
299,1,0,0,0,0,1,0,38,2
507,1,0,0,0,0,1,0,26,2
2825,1,0,0,0,0,1,0,42,2
721,1,0,0,0,0,1,0,47,2
1831,1,0,0,0,0,1,0,22,2
647,1,0,0,0,0,1,1,25,2
1236,1,0,0,0,0,1,1,32,2
1930,1,0,0,0,0,1,0,60,2
204,1,0,0,0,0,1,1,28,2
1184,1,0,0,0,0,1,1,26,2
764,1,0,0,0,0,1,1,23,2
1372,1,0,0,0,0,1,1,25,2
415,1,0,0,0,0,1,1,36,2
502,1,0,0,0,0,1,0,26,2
605,1,0,0,0,0,1,1,31,2
455,1,0,0,0,0,1,0,36,2
784,1,0,0,0,0,1,0,59,2
431,1,0,0,0,0,1,1,50,2
1036,1,0,0,0,0,1,1,55,2
860,1,0,0,0,0,1,1,29,2
1220,1,0,0,0,0,1,0,23,2
320,1,0,0,0,0,1,1,26,2
408,1,0,0,0,0,1,1,24,2
819,1,0,0,0,0,1,1,30,2
400,1,0,0,0,0,1,1,23,2
224,1,0,0,0,0,1,1,27,2
358,1,0,0,0,0,1,1,40,2
142,1,0,0,0,0,1,1,39,2
859,1,0,0,0,0,1,0,33,2
1548,1,0,0,0,0,1,1,37,2
450,1,0,0,0,0,1,0,39,2
1170,1,0,0,0,0,1,0,27,2
10,1,0,0,0,0,1,1,27,2
338,1,0,0,0,0,1,0,20,2
245,1,0,0,0,0,1,1,21,2
1765,1,0,0,0,0,1,0,30,2
1787,1,0,0,0,0,1,1,56,2
325,1,0,0,0,0,1,1,27,2
1097,1,0,0,0,0,1,0,50,2
564,1,0,0,0,0,1,0,36,2
1201,1,0,0,0,0,1,0,27,2
986,1,0,0,0,0,1,0,24,2
1021,1,0,0,0,0,1,0,25,2
408,1,0,0,0,0,1,1,31,2
1440,1,0,0,0,0,1,1,32,2
365,1,0,0,0,0,1,1,22,2
661,1,0,0,0,0,1,1,37,2
906,1,0,0,0,0,1,0,62,2
1524,1,0,0,0,0,1,1,45,2
538,1,0,0,0,0,1,1,31,2
2288,1,0,0,0,0,1,1,55,2
298,1,0,0,0,0,1,0,35,2
319,1,0,0,0,0,1,1,23,2
235,1,0,0,0,0,1,1,35,2
606,1,0,0,0,0,1,1,61,2
146,1,0,0,0,0,1,1,25,2
668,1,0,0,0,0,1,1,22,2
752,1,0,0,0,0,1,1,30,2
978,1,0,0,0,0,1,0,29,2
544,1,0,0,0,0,1,0,24,2
184,1,0,0,0,0,1,1,23,2
547,1,0,0,0,0,1,0,31,2
724,1,0,0,0,0,1,0,35,2
977,1,0,0,0,0,1,0,27,2
540,1,0,0,0,0,1,0,24,2
584,1,0,0,0,0,1,1,40,2
430,1,0,0,0,0,1,0,25,2
538,1,0,0,0,0,1,1,28,2
1311,1,0,0,0,0,1,0,28,2
1288,1,0,0,0,0,1,1,36,2
1921,1,0,0,0,0,1,1,38,2
147,1,0,0,0,0,1,1,35,2
354,1,0,0,0,0,1,1,42,2
1050,1,0,0,0,0,1,0,29,2
829,1,0,0,0,0,1,0,33,2
366,1,0,0,0,0,1,0,29,2
797,1,0,0,0,0,1,0,27,2
1280,1,0,0,0,0,1,1,23,2
489,1,0,0,0,0,1,1,59,2
997,1,0,0,0,0,1,0,25,2
455,1,0,0,0,0,1,1,61,2
682,1,0,0,0,0,1,1,61,2
544,1,0,0,0,0,1,1,53,2
325,1,0,0,0,0,1,0,50,2
605,1,0,0,0,0,1,0,38,2
1423,1,0,0,0,0,1,1,28,2
506,1,0,0,0,0,1,1,28,2
345,1,0,0,0,0,1,0,27,2
229,1,0,0,0,0,1,1,36,2
470,1,0,0,0,0,1,0,25,2
245,1,0,0,0,0,1,1,25,2
407,1,0,0,0,0,1,1,29,2
477,1,0,0,0,0,1,0,47,2
455,1,0,0,0,0,1,1,29,2
781,1,0,0,0,0,1,1,53,2
512,1,0,0,0,0,1,1,54,2
267,1,0,0,0,0,1,1,18,2
960,1,0,0,0,0,1,1,34,2
713,1,0,0,0,0,1,1,45,2
840,1,0,0,0,0,1,1,41,2
846,1,0,0,0,0,1,1,61,2
620,1,0,0,0,0,1,1,26,2
810,1,0,0,0,0,1,1,26,2
673,1,0,0,0,0,1,1,25,2
669,1,0,0,0,0,1,1,23,2
1106,1,0,0,0,0,1,0,56,2
490,1,0,0,0,0,1,1,38,2
1304,1,0,0,0,0,1,1,49,2
1137,1,0,0,0,0,1,0,28,2
606,1,0,0,0,0,1,1,31,2
580,1,0,0,0,0,1,0,29,2
647,1,0,0,0,0,1,1,40,2
473,1,0,0,0,0,1,0,27,2
1507,1,0,0,0,0,1,1,58,2
442,1,0,0,0,0,1,0,30,2
477,1,0,0,0,0,1,1,35,2
1084,1,0,0,0,0,1,1,31,2
237,1,0,0,0,0,1,1,37,2
402,1,0,0,0,0,1,1,30,2
542,1,0,0,0,0,1,1,26,2
346,1,0,0,0,0,1,1,33,2
358,1,0,0,0,0,1,1,54,2
255,1,0,0,0,0,1,0,24,2
287,1,0,0,0,0,1,1,33,2
508,1,0,0,0,0,1,1,23,2
1049,1,0,0,0,0,1,1,26,2
363,1,0,0,0,0,1,1,37,2
924,1,0,0,0,0,1,1,26,2
649,1,0,0,0,0,1,1,24,2
355,1,0,0,0,0,1,1,29,2
510,1,0,0,0,0,1,0,45,2
270,1,0,0,0,0,1,1,47,2
1042,1,0,0,0,0,1,0,22,2
325,1,0,0,0,0,1,0,31,2
489,1,0,0,0,0,1,1,26,2
830,1,0,0,0,0,1,1,25,2
1126,1,0,0,0,0,1,0,28,2
1273,1,0,0,0,0,1,0,44,2
624,1,0,0,0,0,1,1,29,2
587,1,0,0,0,0,1,0,30,2
566,1,0,0,0,0,1,0,34,2
369,1,0,0,0,0,1,1,29,2
361,1,0,0,0,0,1,1,30,2
570,1,0,0,0,0,1,1,26,2
696,1,0,0,0,0,1,1,59,2
320,1,0,0,0,0,1,0,44,2
369,1,0,0,0,0,1,1,31,2
872,1,0,0,0,0,1,1,44,2
358,1,0,0,0,0,1,1,30,2
919,1,0,0,0,0,1,0,23,2
359,1,0,0,0,0,1,0,31,2
3093,1,0,0,0,0,1,0,25,2
493,1,0,0,0,0,1,1,30,2
4279,1,0,0,0,0,1,0,49,2
273,1,0,0,0,0,1,1,45,2
526,1,0,0,0,0,1,1,28,2
370,1,0,0,0,0,1,0,26,2
1116,1,0,0,0,0,1,1,32,2
1006,1,0,0,0,0,1,1,27,2
631,1,0,0,0,0,1,1,31,2
191,1,0,0,0,0,1,1,41,2
644,1,0,0,0,0,1,0,44,2
426,1,0,0,0,0,1,1,67,2
226,1,0,0,0,0,1,0,34,2
685,1,0,0,0,0,1,1,38,2
340,1,0,0,0,0,1,1,23,2
421,1,0,0,0,0,1,0,33,2
108,1,0,0,0,0,1,1,57,2
535,1,0,0,0,0,1,1,27,2
579,1,0,0,0,0,1,1,26,2
3842,1,0,0,0,0,1,1,71,2
948,1,0,0,0,0,1,1,56,2
1627,1,0,0,0,0,1,1,36,2
420,1,0,0,0,0,1,1,21,2
507,1,0,0,0,0,1,0,50,2
716,1,0,0,0,0,1,0,33,2
697,1,0,0,0,0,1,0,26,2
411,1,0,0,0,0,1,0,24,2
284,1,0,0,0,0,1,0,62,2
646,1,0,0,0,0,1,1,26,2
1001,1,0,0,0,0,1,1,31,2
507,1,0,0,0,0,1,1,36,2
1689,1,0,0,0,0,1,0,31,2
1347,1,0,0,0,0,1,1,25,2
490,1,0,0,0,0,1,0,42,2
439,1,0,0,0,0,1,1,27,2
1758,1,0,0,0,0,1,1,26,2
1234,1,0,0,0,0,1,1,36,2
239,1,0,0,0,0,1,0,29,2
797,1,0,0,0,0,1,1,27,2
1277,1,0,0,0,0,1,1,31,2
183,1,0,0,0,0,1,1,44,2
3321,1,0,0,0,0,1,1,66,2
262,1,0,0,0,0,1,0,22,2
744,1,0,0,0,0,1,0,29,2
833,1,0,0,0,0,1,0,28,2
239,1,0,0,0,0,1,1,45,2
625,1,0,0,0,0,1,0,27,2
648,1,0,0,0,0,1,0,23,2
268,1,0,0,0,0,1,1,59,2
671,1,0,0,0,0,1,0,29,2
3462,1,0,0,0,0,1,0,25,2
322,1,0,0,0,0,1,1,29,2
419,1,0,0,0,0,1,1,19,2
1159,1,0,0,0,0,1,1,28,2
780,1,0,0,0,0,1,1,25,2
573,1,0,0,0,0,1,0,23,2
554,1,0,0,0,0,1,0,22,2
283,1,0,0,0,0,1,1,50,2
710,1,0,0,0,0,1,1,26,2
804,1,0,0,0,0,1,1,27,2
425,1,0,0,0,0,1,1,32,2
527,1,0,0,0,0,1,0,23,2
1662,1,0,0,0,0,1,0,28,2
885,1,0,0,0,0,1,1,34,2
1477,1,0,0,0,0,1,1,34,2
1136,1,0,0,0,0,1,0,27,2
434,1,0,0,0,0,1,1,28,2
306,1,0,0,0,0,1,1,66,2
439,1,0,0,0,0,1,1,26,2
196,1,0,0,0,0,1,0,49,2
1983,1,0,0,0,0,1,1,70,2
366,1,0,0,0,0,1,0,38,2
564,1,0,0,0,0,1,1,30,2
810,1,0,0,0,0,1,0,27,2
352,1,0,0,0,0,1,1,29,2
508,1,0,0,0,0,1,0,21,2
361,1,0,0,0,0,1,1,42,2
283,1,0,0,0,0,1,1,43,2
1790,1,0,0,0,0,1,0,39,2
221,1,0,0,0,0,1,1,32,2
316,1,0,0,0,0,1,1,21,2
706,1,0,0,0,0,1,1,54,2
850,1,0,0,0,0,1,1,25,2
417,1,0,0,0,0,1,1,59,2
293,1,0,0,0,0,1,1,29,2
418,1,0,0,0,0,1,0,50,2
1126,1,0,0,0,0,1,1,25,2
757,1,0,0,0,0,1,0,31,2
718,1,0,0,0,0,1,1,29,2
687,1,0,0,0,0,1,1,34,2
311,1,0,0,0,0,1,0,28,2
436,1,0,0,0,0,1,0,29,2
808,1,0,0,0,0,1,1,27,2
385,1,0,0,0,0,1,1,30,2
524,1,0,0,0,0,1,0,33,2
733,1,0,0,0,0,1,0,31,2
723,1,0,0,0,0,1,0,33,2
673,1,0,0,0,0,1,0,33,2
291,1,0,0,0,0,1,1,23,2
664,1,0,0,0,0,1,0,50,2
296,1,0,0,0,0,1,0,30,2
201,1,0,0,0,0,1,1,42,2
6999,1,0,0,0,0,1,1,48,2
860,1,0,0,0,0,1,0,29,2
357,1,0,0,0,0,1,0,21,2
1451,1,0,0,0,0,1,1,41,2
433,1,0,0,0,0,1,0,21,2
1188,1,0,0,0,0,1,0,49,2
596,1,0,0,0,0,1,1,31,2
1103,1,0,0,0,0,1,1,59,2
928,1,0,0,0,0,1,0,49,2
304,1,0,0,0,0,1,1,45,2
389,1,0,0,0,0,1,1,29,2
651,1,0,0,0,0,1,1,25,2
270,1,0,0,0,0,1,1,52,2
1503,1,0,0,0,0,1,0,56,2
1220,1,0,0,0,0,1,0,28,2
584,1,0,0,0,0,1,1,38,2
879,1,0,0,0,0,1,0,31,2
684,1,0,0,0,0,1,1,70,2
419,1,0,0,0,0,1,1,34,2
146,1,0,0,0,0,1,1,43,2
398,1,0,0,0,0,1,1,25,2
1338,1,0,0,0,0,1,1,26,2
712,1,0,0,0,0,1,1,40,2
368,1,0,0,0,0,1,1,41,2
464,1,0,0,0,0,1,1,35,2
1968,1,0,0,0,0,1,1,34,2
698,1,0,0,0,0,1,1,40,2
1539,1,0,0,0,0,1,1,26,2
391,1,0,0,0,0,1,1,37,2
813,1,0,0,0,0,1,1,29,2
1344,1,0,0,0,0,1,1,40,2
416,1,0,0,0,0,1,1,66,2
1715,1,0,0,0,0,1,0,25,2
343,1,0,0,0,0,1,1,21,2
531,1,0,0,0,0,1,1,40,2
592,1,0,0,0,0,1,0,25,2
1052,1,0,0,0,0,1,0,29,2
1312,1,0,0,0,0,1,1,25,2
524,1,0,0,0,0,1,0,30,2
672,1,0,0,0,0,1,1,61,2
457,1,0,0,0,0,1,0,36,2
285,1,0,0,0,0,1,1,48,2
464,1,0,0,0,0,1,1,30,2
849,1,0,0,0,0,1,1,36,2
950,1,0,0,0,0,1,0,29,2
1367,1,0,0,0,0,1,0,49,2
699,1,0,0,0,0,1,0,29,2
875,1,0,0,0,0,1,1,34,2
203,1,0,0,0,0,1,1,37,2
888,1,0,0,0,0,1,1,52,2
3156,1,0,0,0,0,1,0,26,2
1022,1,0,0,0,0,1,1,29,2
1400,1,0,0,0,0,1,0,53,2
2044,1,0,0,0,0,1,0,30,2
709,1,0,0,0,0,1,1,34,2
1100,1,0,0,0,0,1,1,25,2
708,1,0,0,0,0,1,1,24,2
1084,1,0,0,0,0,1,1,33,2
179,1,0,0,0,0,1,1,29,2
277,1,0,0,0,0,1,1,35,2
347,1,0,0,0,0,1,1,27,2
825,1,0,0,0,0,1,1,27,2
753,1,0,0,0,0,1,0,54,2
324,1,0,0,0,0,1,1,41,2
267,1,0,0,0,0,1,1,29,2
1404,1,0,0,0,0,1,0,58,2
728,1,0,0,0,0,1,0,47,2
1430,1,0,0,0,0,1,0,54,2
1114,1,0,0,0,0,1,1,58,2
2690,1,0,0,0,0,1,1,29,2
278,1,0,0,0,0,1,0,55,2
1311,1,0,0,0,0,1,1,25,2
296,1,0,0,0,0,1,1,27,2
280,1,0,0,0,0,1,1,52,2
1749,1,0,0,0,0,1,0,39,2
438,0,1,0,0,0,1,1,30,5
5415,0,1,0,0,0,1,1,27,5
589,0,1,0,0,0,1,1,61,5
3152,0,1,0,0,0,1,1,32,5
538,0,1,0,0,0,1,1,27,5
395,0,1,0,0,0,1,1,32,5
475,0,1,0,0,0,1,0,25,5
866,0,1,0,0,0,1,1,23,5
763,0,1,0,0,0,1,1,29,5
300,0,1,0,0,0,1,1,35,5
774,0,1,0,0,0,1,1,27,5
815,0,1,0,0,0,1,0,27,5
1422,0,1,0,0,0,1,1,28,5
426,0,1,0,0,0,1,0,45,5
1073,0,1,0,0,0,1,1,32,5
762,0,1,0,0,0,1,0,27,5
474,0,1,0,0,0,1,0,31,5
455,0,1,0,0,0,1,0,30,5
222,0,1,0,0,0,1,0,29,5
211,0,1,0,0,0,1,1,66,5
535,0,1,0,0,0,1,1,24,5
655,0,1,0,0,0,1,1,28,5
471,0,1,0,0,0,1,1,43,5
463,0,1,0,0,0,1,1,24,5
247,0,1,0,0,0,1,1,43,5
1001,0,1,0,0,0,1,0,27,5
380,0,1,0,0,0,1,1,26,5
313,0,1,0,0,0,1,1,20,5
803,0,1,0,0,0,1,0,41,5
1566,0,1,0,0,0,1,1,29,5
372,0,1,0,0,0,1,1,47,5
866,0,1,0,0,0,1,1,26,5
612,0,1,0,0,0,1,1,28,5
327,0,1,0,0,0,1,1,27,5
1026,0,1,0,0,0,1,0,20,5
931,0,1,0,0,0,1,0,35,5
9344,0,1,0,0,0,1,0,30,5
1572,0,1,0,0,0,1,0,27,5
1876,0,1,0,0,0,1,0,34,5
195,0,1,0,0,0,1,1,32,5
533,0,1,0,0,0,1,0,39,5
1005,0,1,0,0,0,1,1,56,5
552,0,1,0,0,0,1,1,25,5
343,0,1,0,0,0,1,1,29,5
1009,0,1,0,0,0,1,1,22,5
965,0,1,0,0,0,1,1,28,5
365,0,1,0,0,0,1,1,43,5
1679,0,1,0,0,0,1,1,56,5
626,0,1,0,0,0,1,1,25,5
1035,0,1,0,0,0,1,0,27,5
1161,0,1,0,0,0,1,1,36,5
1332,0,1,0,0,0,1,0,27,5
1218,0,1,0,0,0,1,1,36,5
225,0,1,0,0,0,1,1,40,5
996,0,1,0,0,0,1,0,31,5
1082,0,1,0,0,0,1,1,29,5
568,0,1,0,0,0,1,1,26,5
804,0,1,0,0,0,1,0,28,5
246,0,1,0,0,0,1,1,42,5
1223,0,1,0,0,0,1,1,26,5
411,0,1,0,0,0,1,1,26,5
291,0,1,0,0,0,1,1,27,5
616,0,1,0,0,0,1,1,29,5
1918,0,1,0,0,0,1,1,18,5
266,0,1,0,0,0,1,1,30,5
1510,0,1,0,0,0,1,1,54,5
655,0,1,0,0,0,1,0,40,5
180,0,1,0,0,0,1,1,20,5
730,0,1,0,0,0,1,0,38,5
210,0,1,0,0,0,1,1,25,5
417,0,1,0,0,0,1,1,31,5
360,0,1,0,0,0,1,0,31,5
484,0,1,0,0,0,1,1,30,5
885,0,1,0,0,0,1,1,23,5
441,0,1,0,0,0,1,1,28,5
251,0,1,0,0,0,1,0,35,5
496,0,1,0,0,0,1,0,41,5
780,0,1,0,0,0,1,0,33,5
881,0,1,0,0,0,1,0,23,5
341,0,1,0,0,0,1,1,25,5
233,0,1,0,0,0,1,1,36,5
522,0,1,0,0,0,1,1,24,5
652,0,1,0,0,0,1,0,26,5
399,0,1,0,0,0,1,1,29,5
1180,0,1,0,0,0,1,0,53,5
1195,0,1,0,0,0,1,0,42,5
1282,0,1,0,0,0,1,1,24,5
1064,0,1,0,0,0,1,1,26,5
399,0,1,0,0,0,1,1,20,5
81,0,1,0,0,0,1,1,49,5
900,0,1,0,0,0,1,1,29,5
1094,0,1,0,0,0,1,1,28,5
285,0,1,0,0,0,1,0,24,5
876,0,1,0,0,0,1,1,56,5
1327,0,1,0,0,0,1,1,36,5
924,0,1,0,0,0,1,1,28,5
969,0,1,0,0,0,1,0,30,5
305,0,1,0,0,0,1,1,46,5
493,0,1,0,0,0,1,0,25,5
708,0,1,0,0,0,1,1,28,5
2400,0,1,0,0,0,1,1,33,5
497,0,1,0,0,0,1,0,30,5
912,0,1,0,0,0,1,1,35,5
245,0,1,0,0,0,1,1,20,5
913,0,1,0,0,0,1,1,39,5
748,0,1,0,0,0,1,0,25,5
316,0,1,0,0,0,1,0,24,5
1975,0,1,0,0,0,1,1,29,5
165,0,1,0,0,0,1,1,33,5
531,0,1,0,0,0,1,1,23,5
973,0,1,0,0,0,1,1,56,5
177,0,1,0,0,0,1,1,28,5
1042,0,1,0,0,0,1,1,28,5
1758,0,1,0,0,0,1,0,56,5
397,0,1,0,0,0,1,0,24,5
643,0,1,0,0,0,1,0,29,5
208,0,1,0,0,0,1,1,22,5
674,0,1,0,0,0,1,1,29,5
271,0,1,0,0,0,1,0,55,5
907,0,1,0,0,0,1,1,25,5
385,0,1,0,0,0,1,1,34,5
1539,0,1,0,0,0,1,1,27,5
658,0,1,0,0,0,1,0,44,5
864,0,1,0,0,0,1,1,30,5
110,0,1,0,0,0,1,1,55,5
809,0,1,0,0,0,1,1,27,5
319,0,1,0,0,0,1,1,26,5
967,0,1,0,0,0,1,1,29,5
265,0,1,0,0,0,1,1,32,5
662,0,1,0,0,0,1,1,30,5
123,0,1,0,0,0,1,1,44,5
1738,0,1,0,0,0,1,0,30,5
804,0,1,0,0,0,1,1,27,5
768,0,1,0,0,0,1,1,45,5
1435,0,1,0,0,0,1,0,53,5
283,0,1,0,0,0,1,1,20,5
298,0,1,0,0,0,1,1,18,5
886,0,1,0,0,0,1,1,24,5
271,0,1,0,0,0,1,1,37,5
416,0,1,0,0,0,1,1,32,5
308,0,1,0,0,0,1,0,24,5
276,0,1,0,0,0,1,1,66,5
1138,0,1,0,0,0,1,0,31,5
164,0,1,0,0,0,1,0,38,5
168,0,1,0,0,0,1,0,22,5
723,0,1,0,0,0,1,1,23,5
550,0,1,0,0,0,1,1,28,5
1584,0,1,0,0,0,1,0,25,5
3025,0,1,0,0,0,1,1,37,5
693,0,1,0,0,0,1,1,26,5
328,0,1,0,0,0,1,1,35,5
1253,0,1,0,0,0,1,1,32,5
257,0,1,0,0,0,1,1,38,5
1022,0,1,0,0,0,1,1,33,5
3,0,1,0,0,0,1,0,30,5
645,0,1,0,0,0,1,1,29,5
336,0,1,0,0,0,1,1,31,5
297,0,1,0,0,0,1,1,31,5
724,0,1,0,0,0,1,1,29,5
868,0,1,0,0,0,1,0,25,5
398,0,1,0,0,0,1,0,21,5
878,0,1,0,0,0,1,0,27,5
320,0,1,0,0,0,1,0,25,5
313,0,1,0,0,0,1,0,45,5
465,0,1,0,0,0,1,1,18,5
451,0,1,0,0,0,1,1,29,5
235,0,1,0,0,0,1,1,22,5
1016,0,1,0,0,0,1,0,27,5
579,0,1,0,0,0,1,1,21,5
420,0,1,0,0,0,1,1,29,5
963,0,1,0,0,0,1,1,43,5
145,0,1,0,0,0,1,1,29,5
6637,0,1,0,0,0,1,0,51,5
396,0,1,0,0,0,1,0,26,5
356,0,1,0,0,0,1,1,27,5
484,0,1,0,0,0,1,1,37,5
637,0,1,0,0,0,1,1,51,5
157,0,1,0,0,0,1,1,29,5
975,0,1,0,0,0,1,1,27,5
251,0,1,0,0,0,1,1,34,5
913,0,1,0,0,0,1,1,42,5
942,0,1,0,0,0,1,1,26,5
255,0,1,0,0,0,1,0,32,5
529,0,1,0,0,0,1,1,26,5
308,0,1,0,0,0,1,1,18,5
364,0,1,0,0,0,1,1,56,5
873,0,1,0,0,0,1,0,24,5
1647,0,1,0,0,0,1,0,24,5
1026,0,1,0,0,0,1,1,27,5
1013,0,1,0,0,0,1,1,53,5
248,0,1,0,0,0,1,1,23,5
208,0,1,0,0,0,1,1,27,5
557,0,1,0,0,0,1,1,47,5
640,0,1,0,0,0,1,1,32,5
385,0,1,0,0,0,1,0,33,5
1060,0,1,0,0,0,1,1,34,5
900,0,1,0,0,0,1,1,26,5
676,0,1,0,0,0,1,0,32,5
396,0,1,0,0,0,1,1,31,5
635,0,1,0,0,0,1,1,27,5
1405,0,1,0,0,0,1,1,31,5
1102,0,1,0,0,0,1,0,38,5
775,0,1,0,0,0,1,0,50,5
339,0,1,0,0,0,1,0,42,5
469,0,1,0,0,0,1,0,33,5
522,0,1,0,0,0,1,1,31,5
407,0,1,0,0,0,1,1,55,5
1317,0,1,0,0,0,1,1,21,5
277,0,1,0,0,0,1,0,33,5
669,0,1,0,0,0,1,1,29,5
754,0,1,0,0,0,1,1,27,5
221,0,1,0,0,0,1,1,25,5
607,0,1,0,0,0,1,0,25,5
1556,0,1,0,0,0,1,1,33,5
1145,0,1,0,0,0,1,1,24,5
3782,0,1,0,0,0,1,0,66,5
1688,0,1,0,0,0,1,0,25,5
266,0,1,0,0,0,1,1,29,5
2217,0,1,0,0,0,1,0,29,5
163,0,1,0,0,0,1,1,28,5
1211,0,1,0,0,0,1,0,29,5
406,0,1,0,0,0,1,1,25,5
383,0,1,0,0,0,1,0,30,5
901,0,1,0,0,0,1,1,59,5
469,0,1,0,0,0,1,1,33,5
941,0,1,0,0,0,1,1,43,5
278,0,1,0,0,0,1,0,23,5
1394,0,1,0,0,0,1,1,56,5
689,0,1,0,0,0,1,1,22,5
1491,0,1,0,0,0,1,0,26,5
311,0,1,0,0,0,1,1,63,5
533,0,1,0,0,0,1,1,30,5
456,0,1,0,0,0,1,0,27,5
492,0,1,0,0,0,1,1,28,5
165,0,1,0,0,0,1,1,30,5
526,0,1,0,0,0,1,0,44,5
849,0,1,0,0,0,1,0,53,5
849,0,1,0,0,0,1,1,56,5
269,0,1,0,0,0,1,1,27,5
525,0,1,0,0,0,1,1,27,5
720,0,1,0,0,0,1,1,28,5
1084,0,1,0,0,0,1,1,33,5
218,0,1,0,0,0,1,1,25,5
229,0,1,0,0,0,1,0,59,5
984,0,1,0,0,0,1,1,25,5
438,0,1,0,0,0,1,1,33,5
1614,0,1,0,0,0,1,0,32,5
679,0,1,0,0,0,1,1,51,5
1049,0,1,0,0,0,1,1,28,5
1045,0,1,0,0,0,1,1,52,5
644,0,1,0,0,0,1,1,33,5
1350,0,1,0,0,0,1,1,34,5
815,0,1,0,0,0,1,1,25,5
367,0,1,0,0,0,1,1,24,5
365,0,1,0,0,0,1,1,43,5
555,0,1,0,0,0,1,1,51,5
481,0,1,0,0,0,1,1,39,5
898,0,1,0,0,0,1,1,29,5
1473,0,1,0,0,0,1,0,30,5
916,0,1,0,0,0,1,0,31,5
359,0,1,0,0,0,1,1,34,5
760,0,1,0,0,0,1,0,29,5
682,0,1,0,0,0,1,1,24,5
588,0,1,0,0,0,1,0,24,5
273,0,1,0,0,0,1,1,25,5
405,0,1,0,0,0,1,1,32,5
1169,0,1,0,0,0,1,0,28,5
2033,0,1,0,0,0,1,1,59,5
727,0,1,0,0,0,1,0,25,5
300,0,1,0,0,0,1,1,43,5
153,0,1,0,0,0,1,1,26,5
678,0,1,0,0,0,1,1,24,5
458,0,1,0,0,0,1,0,26,5
23,0,1,0,0,0,1,1,40,5
684,0,1,0,0,0,1,1,28,5
304,0,1,0,0,0,1,1,19,5
550,0,1,0,0,0,1,0,31,5
811,0,1,0,0,0,1,1,32,5
160,0,1,0,0,0,1,1,36,5
306,0,1,0,0,0,1,1,30,5
3509,0,1,0,0,0,1,1,32,5
1837,0,1,0,0,0,1,1,25,5
633,0,1,0,0,0,1,1,29,5
4799,0,1,0,0,0,1,1,39,5
408,0,1,0,0,0,1,1,33,5
939,0,1,0,0,0,1,0,31,5
924,0,1,0,0,0,1,1,26,5
1081,0,1,0,0,0,1,1,42,5
994,0,1,0,0,0,1,0,49,5
1233,0,1,0,0,0,1,0,56,5
303,0,1,0,0,0,1,1,27,5
797,0,1,0,0,0,1,0,22,5
669,0,1,0,0,0,1,0,28,5
162,0,1,0,0,0,1,0,33,5
353,0,1,0,0,0,1,1,25,5
481,0,1,0,0,0,1,1,32,5
1793,0,1,0,0,0,1,1,40,5
1024,0,1,0,0,0,1,1,25,5
724,0,1,0,0,0,1,0,25,5
537,0,1,0,0,0,1,1,23,5
663,0,1,0,0,0,1,1,23,5
229,0,1,0,0,0,1,1,28,5
194,0,1,0,0,0,1,1,32,5
536,0,1,0,0,0,1,0,30,5
866,0,1,0,0,0,1,1,40,5
356,0,1,0,0,0,1,1,24,5
2429,0,1,0,0,0,1,1,23,5
768,0,1,0,0,0,1,0,29,5
214,0,1,0,0,0,1,1,21,5
847,0,1,0,0,0,1,1,32,5
605,0,1,0,0,0,1,0,28,5
390,0,1,0,0,0,1,1,41,5
289,0,1,0,0,0,1,1,43,5
529,0,1,0,0,0,1,1,20,5
630,0,1,0,0,0,1,1,30,5
185,0,1,0,0,0,1,1,19,5
482,0,1,0,0,0,1,1,26,5
195,0,1,0,0,0,1,1,20,5
278,0,1,0,0,0,1,0,23,5
450,0,1,0,0,0,1,1,23,5
548,0,1,0,0,0,1,0,25,5
578,0,1,0,0,0,1,1,31,5
5062,0,1,0,0,0,1,1,49,5
740,0,1,0,0,0,1,0,30,5
1342,0,1,0,0,0,1,1,43,5
932,0,1,0,0,0,1,1,30,5
905,0,1,0,0,0,1,0,26,5
20,0,1,0,0,0,1,1,60,5
1085,0,1,0,0,0,1,0,38,5
726,0,1,0,0,0,1,1,36,5
851,0,1,0,0,0,1,0,31,5
675,0,1,0,0,0,1,1,29,5
589,0,1,0,0,0,1,0,54,5
656,0,1,0,0,0,1,1,39,5
1638,0,1,0,0,0,1,1,28,5
556,0,1,0,0,0,1,1,30,5
148,0,1,0,0,0,1,1,23,5
174,0,1,0,0,0,1,1,47,5
1535,0,1,0,0,0,1,0,29,5
661,0,1,0,0,0,1,1,28,5
592,0,1,0,0,0,1,0,33,5
619,0,1,0,0,0,1,0,21,5
231,0,1,0,0,0,1,0,23,5
225,0,1,0,0,0,1,1,34,5
1036,0,1,0,0,0,1,0,34,5
441,0,1,0,0,0,1,1,32,5
1382,0,1,0,0,0,1,1,35,5
1261,0,1,0,0,0,1,1,34,5
819,0,1,0,0,0,1,0,26,5
585,0,1,0,0,0,1,1,27,5
1086,0,1,0,0,0,1,0,21,5
598,0,1,0,0,0,1,1,23,5
1604,0,1,0,0,0,1,1,41,5
1250,0,1,0,0,0,1,1,48,5
861,0,1,0,0,0,1,0,25,5
296,0,1,0,0,0,1,1,26,5
251,0,1,0,0,0,1,1,30,5
197,0,1,0,0,0,1,1,31,5
288,0,1,0,0,0,1,1,21,5
924,0,1,0,0,0,1,1,24,5
774,0,1,0,0,0,1,1,30,5
1800,0,1,0,0,0,1,0,27,5
354,0,1,0,0,0,1,1,29,5
2329,0,1,0,0,0,1,1,21,5
994,0,1,0,0,0,1,0,59,5
832,0,1,0,0,0,1,1,29,5
190,0,1,0,0,0,1,1,19,5
240,0,1,0,0,0,1,1,33,5
368,0,1,0,0,0,1,1,24,5
1550,0,1,0,0,0,1,1,28,5
536,0,1,0,0,0,1,1,39,5
623,0,1,0,0,0,1,0,30,5
2689,0,1,0,0,0,1,1,58,5
348,0,1,0,0,0,1,1,36,5
618,0,1,0,0,0,1,1,26,5
361,0,1,0,0,0,1,1,28,5
1657,0,1,0,0,0,1,1,31,5
615,0,1,0,0,0,1,1,30,5
671,0,1,0,0,0,1,1,29,5
486,0,1,0,0,0,1,1,46,5
1150,0,1,0,0,0,1,0,25,5
155,0,1,0,0,0,1,1,23,5
450,0,1,0,0,0,1,1,25,5
762,0,1,0,0,0,1,1,33,5
713,0,1,0,0,0,1,0,23,5
1101,0,1,0,0,0,1,0,47,5
5439,0,1,0,0,0,1,1,55,5
300,0,1,0,0,0,1,1,33,5
465,0,1,0,0,0,1,1,26,5
410,0,1,0,0,0,1,1,25,5
263,0,1,0,0,0,1,1,22,5
236,0,1,0,0,0,1,1,38,5
281,0,1,0,0,0,1,1,19,5
1611,0,1,0,0,0,1,0,18,5
129,0,1,0,0,0,1,0,32,5
621,0,1,0,0,0,1,0,54,5
237,0,1,0,0,0,1,1,30,5
286,0,1,0,0,0,1,1,26,5
364,0,1,0,0,0,1,1,27,5
494,0,1,0,0,0,1,1,30,5
20,0,1,0,0,0,1,0,25,5
648,0,1,0,0,0,1,0,35,5
851,0,1,0,0,0,1,1,27,5
523,0,1,0,0,0,1,1,27,5
1207,0,1,0,0,0,1,0,26,5
448,0,1,0,0,0,1,1,59,5
890,0,1,0,0,0,1,1,27,5
421,0,1,0,0,0,1,1,33,5
623,0,1,0,0,0,1,1,30,5
640,0,1,0,0,0,1,1,35,5
1495,0,1,0,0,0,1,0,33,5
430,0,1,0,0,0,1,1,54,5
1662,0,1,0,0,0,1,0,35,5
260,0,1,0,0,0,1,1,35,5
1335,0,1,0,0,0,1,1,28,5
1087,0,1,0,0,0,1,1,58,5
312,0,1,0,0,0,1,1,42,5
705,0,1,0,0,0,1,0,29,5
807,0,1,0,0,0,1,1,45,5
537,0,1,0,0,0,1,1,44,5
475,0,1,0,0,0,1,0,26,5
621,0,1,0,0,0,1,1,20,5
178,0,1,0,0,0,1,0,22,5
576,0,1,0,0,0,1,0,31,5
776,0,1,0,0,0,1,1,28,5
213,0,1,0,0,0,1,1,23,5
988,0,1,0,0,0,1,0,22,5
342,0,1,0,0,0,1,1,23,5
357,0,1,0,0,0,1,0,20,5
643,0,1,0,0,0,1,0,26,5
325,0,1,0,0,0,1,1,38,5
298,0,1,0,0,0,1,1,36,5
443,0,1,0,0,0,1,0,27,5
484,0,1,0,0,0,1,0,28,5
1050,0,1,0,0,0,1,1,33,5
565,0,1,0,0,0,1,0,43,5
633,0,1,0,0,0,1,1,20,5
901,0,1,0,0,0,1,0,30,5
563,0,1,0,0,0,1,1,29,5
538,0,1,0,0,0,1,0,41,5
583,0,1,0,0,0,1,0,24,5
283,0,1,0,0,0,1,0,31,5
1058,0,1,0,0,0,1,1,43,5
1646,0,1,0,0,0,1,1,33,5
1687,0,1,0,0,0,1,1,29,5
314,0,1,0,0,0,1,1,30,5
255,0,1,0,0,0,1,0,31,5
1092,0,1,0,0,0,1,1,29,5
1090,0,1,0,0,0,1,1,32,5
505,0,1,0,0,0,1,1,21,5
185,0,1,0,0,0,1,1,28,5
1493,0,1,0,0,0,1,1,25,5
432,0,1,0,0,0,1,1,29,5
436,0,1,0,0,0,1,1,26,5
171,0,1,0,0,0,1,1,41,5
783,0,1,0,0,0,1,0,25,5
369,0,1,0,0,0,1,0,28,5
465,0,1,0,0,0,1,0,25,5
458,0,1,0,0,0,1,1,29,5
382,0,1,0,0,0,1,1,40,5
670,0,1,0,0,0,1,1,34,5
1461,0,1,0,0,0,1,0,27,5
2224,0,1,0,0,0,1,0,28,5
1013,0,1,0,0,0,1,1,53,5
337,0,1,0,0,0,1,1,23,5
595,0,1,0,0,0,1,1,31,5
894,0,1,0,0,0,1,1,31,5
1199,0,1,0,0,0,1,0,26,5
407,0,1,0,0,0,1,1,54,5
821,0,1,0,0,0,1,1,22,5
1131,0,1,0,0,0,1,0,37,5
1017,0,1,0,0,0,1,1,23,5
421,0,1,0,0,0,1,1,30,5
503,0,1,0,0,0,1,0,30,5
489,0,1,0,0,0,1,1,25,5
944,0,1,0,0,0,1,1,31,5
1814,0,1,0,0,0,1,1,32,5
270,0,1,0,0,0,1,1,29,5
1988,0,1,0,0,0,1,1,33,5
1300,0,1,0,0,0,1,1,33,5
674,0,1,0,0,0,1,0,26,5
221,0,1,0,0,0,1,0,21,5
1431,0,1,0,0,0,1,0,25,5
1631,0,1,0,0,0,1,0,57,5
1123,0,1,0,0,0,1,1,33,5
96,0,1,0,0,0,1,1,33,5
812,0,1,0,0,0,1,1,46,5
903,0,1,0,0,0,1,1,33,5
1257,0,1,0,0,0,1,1,27,5
815,0,1,0,0,0,1,1,32,5
335,0,1,0,0,0,1,1,28,5
588,0,1,0,0,0,1,0,43,5
280,0,1,0,0,0,1,0,23,5
939,0,1,0,0,0,1,1,32,5
402,0,1,0,0,0,1,1,50,5
362,0,1,0,0,0,1,0,27,5
385,0,1,0,0,0,1,0,27,5
387,0,1,0,0,0,1,0,21,5
1037,0,1,0,0,0,1,0,29,5
816,0,1,0,0,0,1,1,38,5
1674,0,0,1,0,0,1,1,30,4
985,0,0,1,0,0,1,0,29,4
1532,0,0,1,0,0,1,1,31,4
605,0,0,1,0,0,1,0,25,4
222,0,0,1,0,0,1,1,36,4
186,0,0,1,0,0,1,1,24,4
209,0,0,1,0,0,1,1,30,4
473,0,0,0,1,0,1,1,33,4
196,0,0,1,0,0,1,1,43,4
130,0,0,1,0,0,1,1,25,4
751,0,0,1,0,0,1,0,27,4
363,0,0,1,0,0,1,1,25,4
707,0,0,1,0,0,1,1,28,4
495,0,0,1,0,0,1,1,29,4
266,0,0,1,0,0,1,1,38,4
382,0,0,1,0,0,1,1,29,4
1085,0,0,1,0,0,1,1,29,4
456,0,0,0,1,0,1,1,20,4
619,0,0,1,0,0,1,0,22,4
1180,0,0,1,0,0,1,1,25,4
818,0,0,1,0,0,1,1,25,4
87,0,0,0,1,0,1,1,33,4
1251,0,0,1,0,0,1,1,26,4
580,0,0,1,0,0,1,0,25,4
609,0,0,1,0,0,1,1,31,4
676,0,0,1,0,0,1,1,43,4
389,0,0,1,0,0,1,0,27,4
1451,0,0,1,0,0,1,0,28,4
506,0,0,1,0,0,1,1,28,4
577,0,0,1,0,0,1,0,25,4
571,0,0,1,0,0,1,1,21,4
196,0,0,1,0,0,1,1,46,4
932,0,0,1,0,0,1,0,25,4
923,0,0,0,1,0,1,1,27,4
542,0,0,1,0,0,1,1,55,4
647,0,0,1,0,0,1,1,23,4
471,0,0,1,0,0,1,1,51,4
468,0,0,1,0,0,1,1,33,4
999,0,0,1,0,0,1,0,42,4
1403,0,0,0,1,0,1,0,22,4
685,0,0,1,0,0,1,1,37,4
407,0,0,1,0,0,1,1,39,4
386,0,0,1,0,0,1,1,40,4
248,0,0,1,0,0,1,1,39,4
837,0,0,1,0,0,1,1,25,4
896,0,0,1,0,0,1,1,27,4
485,0,0,1,0,0,1,0,26,4
496,0,0,1,0,0,1,1,67,4
2527,0,0,1,0,0,1,1,24,4
248,0,0,1,0,0,1,1,23,4
1695,0,0,1,0,0,1,1,27,4
557,0,0,1,0,0,1,1,27,4
3,0,0,1,0,0,1,0,24,4
281,0,0,1,0,0,1,1,28,4
701,0,0,1,0,0,1,0,26,4
326,0,0,1,0,0,1,1,32,4
384,0,0,1,0,0,1,1,39,4
346,0,0,1,0,0,1,0,25,4
429,0,0,1,0,0,1,1,25,4
74,0,0,1,0,0,1,1,57,4
1183,0,0,1,0,0,1,0,43,4
441,0,0,1,0,0,1,1,33,4
479,0,0,1,0,0,1,1,25,4
279,0,0,0,1,0,1,1,23,4
1487,0,0,1,0,0,1,1,34,4
1361,0,0,1,0,0,1,1,27,4
1995,0,0,1,0,0,1,0,38,4
440,0,0,1,0,0,1,1,28,4
820,0,0,1,0,0,1,1,21,4
635,0,0,0,1,0,1,1,35,4
460,0,0,1,0,0,1,1,59,4
669,0,0,1,0,0,1,1,57,4
345,0,0,1,0,0,1,1,27,4
599,0,0,1,0,0,1,1,20,4
832,0,0,1,0,0,1,1,27,4
415,0,0,0,1,0,1,1,27,4
193,0,0,1,0,0,1,1,40,4
806,0,0,1,0,0,1,1,32,4
367,0,0,1,0,0,1,0,28,4
150,0,0,1,0,0,1,1,20,4
1249,0,0,1,0,0,1,0,24,4
1246,0,0,1,0,0,1,1,36,4
909,0,0,1,0,0,1,1,42,4
215,0,0,1,0,0,1,1,29,4
1065,0,0,1,0,0,1,0,29,4
658,0,0,1,0,0,1,1,28,4
476,0,0,0,1,0,1,1,26,4
236,0,0,0,1,0,1,1,38,4
424,0,0,1,0,0,1,1,29,4
402,0,0,1,0,0,1,1,31,4
431,0,0,1,0,0,1,0,37,4
363,0,0,1,0,0,1,1,28,4
361,0,0,0,1,0,1,0,27,4
2462,0,0,1,0,0,1,1,23,4
231,0,0,0,1,0,1,1,31,4
344,0,0,1,0,0,1,1,43,4
447,0,0,1,0,0,1,1,32,4
989,0,0,1,0,0,1,1,26,4
35,0,0,1,0,0,1,1,38,4
255,0,0,0,1,0,1,1,29,4
802,0,0,1,0,0,1,1,24,4
770,0,0,1,0,0,1,1,19,4
600,0,0,1,0,0,1,1,26,4
2507,0,0,1,0,0,1,0,25,4
784,0,0,1,0,0,1,0,27,4
480,0,0,1,0,0,1,1,28,4
934,0,0,1,0,0,1,1,51,4
1576,0,0,1,0,0,1,0,23,4
1222,0,0,1,0,0,1,0,24,4
979,0,0,1,0,0,1,1,27,4
869,0,0,1,0,0,1,1,35,4
409,0,0,1,0,0,1,1,26,4
1004,0,0,1,0,0,1,0,35,4
1063,0,0,0,1,0,1,1,27,4
963,0,0,1,0,0,1,1,24,4
1117,0,0,1,0,0,1,1,24,4
326,0,0,1,0,0,1,0,27,4
600,0,0,0,1,0,1,1,28,4
670,0,0,1,0,0,1,1,39,4
483,0,0,1,0,0,1,1,22,4
425,0,0,1,0,0,1,1,57,4
7,0,0,1,0,0,1,1,69,4
123,0,0,1,0,0,1,1,24,4
198,0,0,1,0,0,1,1,27,4
1478,0,0,1,0,0,1,0,53,4
337,0,0,1,0,0,1,1,29,4
761,0,0,1,0,0,1,0,35,4
498,0,0,1,0,0,1,1,25,4
118,0,0,1,0,0,1,1,41,4
474,0,0,1,0,0,1,1,23,4
866,0,0,1,0,0,1,1,28,4
1111,0,0,1,0,0,1,0,32,4
389,0,0,0,1,0,1,1,25,4
474,0,0,1,0,0,1,0,32,4
315,0,0,1,0,0,1,0,21,4
698,0,0,1,0,0,1,1,25,4
326,0,0,1,0,0,1,1,21,4
238,0,0,1,0,0,1,1,26,4
449,0,0,1,0,0,1,1,38,4
835,0,0,1,0,0,1,1,24,4
506,0,0,0,1,0,1,1,55,4
700,0,0,1,0,0,1,1,39,4
1706,0,0,1,0,0,1,1,35,4
185,0,0,1,0,0,1,1,51,4
420,0,0,0,1,0,1,1,39,4
2140,0,0,1,0,0,1,1,27,4
291,0,0,0,1,0,1,1,27,4
394,0,0,1,0,0,1,1,25,4
13,0,0,0,1,0,1,1,23,4
636,0,0,1,0,0,1,1,25,4
1237,0,0,1,0,0,1,1,67,4
966,0,0,1,0,0,1,1,29,4
248,0,0,0,1,0,1,0,24,4
358,0,0,1,0,0,1,1,18,4
3823,0,0,1,0,0,1,0,29,4
860,0,0,1,0,0,1,1,51,4
627,0,0,1,0,0,1,1,51,4
70,0,0,0,1,0,1,0,27,4
559,0,0,1,0,0,1,1,27,4
189,0,0,1,0,0,1,0,21,4
557,0,0,1,0,0,1,1,28,4
615,0,0,1,0,0,1,1,29,4
360,0,0,1,0,0,1,1,23,4
302,0,0,1,0,0,1,1,19,4
161,0,0,0,1,0,1,1,26,4
15,0,0,0,1,0,1,0,27,4
294,0,0,1,0,0,1,0,27,4
1366,0,0,1,0,0,1,1,28,4
277,0,0,1,0,0,1,1,41,4
643,0,0,1,0,0,1,1,19,4
206,0,0,0,1,0,1,1,29,4
592,0,0,1,0,0,1,1,25,4
611,0,0,0,1,0,1,1,40,4
178,0,0,1,0,0,1,0,55,4
822,0,0,1,0,0,1,0,33,4
247,0,0,1,0,0,1,1,41,4
144,0,0,0,1,0,1,1,38,4
725,0,0,1,0,0,1,1,27,4
588,0,0,1,0,0,1,1,20,4
786,0,0,1,0,0,1,1,24,4
288,0,0,0,1,0,1,1,23,4
367,0,0,0,1,0,1,1,30,4
403,0,0,1,0,0,1,1,25,4
177,0,0,1,0,0,1,1,29,4
277,0,0,1,0,0,1,0,23,4
544,0,0,1,0,0,1,1,19,4
409,0,0,1,0,0,1,1,49,4
145,0,0,1,0,0,1,1,38,4
585,0,0,1,0,0,1,1,30,4
653,0,0,1,0,0,1,0,24,4
2712,0,0,1,0,0,1,1,31,4
670,0,0,1,0,0,1,0,41,4
261,0,0,0,1,0,1,1,28,4
9,0,0,0,1,0,1,1,38,4
1279,0,0,1,0,0,1,1,32,4
803,0,0,0,1,0,1,0,28,4
1276,0,0,0,1,0,1,1,24,4
1063,0,0,1,0,0,1,0,28,4
968,0,0,0,1,0,1,1,24,4
405,0,0,1,0,0,1,1,21,4
412,0,0,1,0,0,1,1,33,4
524,0,0,1,0,0,1,1,26,4
642,0,0,1,0,0,1,0,42,4
515,0,0,1,0,0,1,1,26,4
677,0,0,1,0,0,1,1,28,4
449,0,0,0,1,0,1,0,28,4
872,0,0,1,0,0,1,0,34,4
36,0,0,1,0,0,1,1,25,4
469,0,0,1,0,0,1,0,20,4
538,0,0,1,0,0,1,1,29,4
764,0,0,1,0,0,1,1,30,4
752,0,0,0,1,0,1,1,26,4
304,0,0,1,0,0,1,1,23,4
287,0,0,1,0,0,1,1,19,4
553,0,0,1,0,0,1,1,41,4
435,0,0,1,0,0,1,1,30,4
432,0,0,1,0,0,1,1,29,4
216,0,0,1,0,0,1,1,35,4
1407,0,0,1,0,0,1,1,32,4
710,0,0,1,0,0,1,0,27,4
274,0,0,0,1,0,1,1,26,4
581,0,0,1,0,0,1,0,56,4
1178,0,0,1,0,0,1,0,23,4
582,0,0,1,0,0,1,1,31,4
481,0,0,1,0,0,1,1,28,4
922,0,0,1,0,0,1,0,23,4
533,0,0,1,0,0,1,0,26,4
482,0,0,1,0,0,1,1,42,4
1332,0,0,1,0,0,1,1,62,4
560,0,0,1,0,0,1,0,42,4
1583,0,0,1,0,0,1,0,28,4
657,0,0,0,1,0,1,1,27,4
1386,0,0,1,0,0,1,1,36,4
564,0,0,1,0,0,1,1,33,4
546,0,0,1,0,0,1,1,24,4
286,0,0,1,0,0,1,1,26,4
804,0,0,1,0,0,1,0,38,4
8269,0,0,1,0,0,1,1,38,4
666,0,0,1,0,0,1,0,24,4
838,0,0,1,0,0,1,1,56,4
8,0,0,0,1,0,1,0,35,4
710,0,0,1,0,0,1,1,25,4
864,0,0,1,0,0,1,1,26,4
607,0,0,1,0,0,1,1,41,4
757,0,0,1,0,0,1,1,27,4
255,0,0,1,0,0,1,1,24,4
369,0,0,1,0,0,1,1,25,4
402,0,0,0,1,0,1,0,24,4
478,0,0,0,1,0,1,1,26,4
449,0,0,1,0,0,1,0,25,4
414,0,0,1,0,0,1,1,34,4
789,0,0,0,1,0,1,1,30,4
259,0,0,1,0,0,1,0,20,4
723,0,0,1,0,0,1,0,42,4
537,0,0,1,0,0,1,1,32,4
394,0,0,1,0,0,1,1,35,4
259,0,0,1,0,0,1,1,21,4
490,0,0,1,0,0,1,1,34,4
12,0,0,0,1,0,1,1,30,4
802,0,0,1,0,0,1,1,36,4
691,0,0,1,0,0,1,1,35,4
1039,0,0,1,0,0,1,1,33,4
590,0,0,1,0,0,1,1,31,4
1025,0,0,1,0,0,1,0,30,4
789,0,0,1,0,0,1,1,43,4
658,0,0,1,0,0,1,0,38,4
803,0,0,1,0,0,1,1,28,4
170,0,0,1,0,0,1,1,32,4
193,0,0,1,0,0,1,0,29,4
614,0,0,1,0,0,1,1,45,4
1031,0,0,0,1,0,1,1,28,4
192,0,0,1,0,0,1,1,26,4
317,0,0,1,0,0,1,1,29,4
915,0,0,1,0,0,1,1,54,4
600,0,0,1,0,0,1,0,29,4
356,0,0,1,0,0,1,1,59,4
256,0,0,1,0,0,1,1,24,4
460,0,0,1,0,0,1,0,38,4
241,0,0,1,0,0,1,0,28,4
351,0,0,1,0,0,1,0,25,4
767,0,0,0,1,0,1,0,31,4
1990,0,0,1,0,0,1,1,27,4
509,0,0,1,0,0,1,1,38,4
1745,0,0,1,0,0,1,1,25,4
798,0,0,1,0,0,1,1,34,4
796,0,0,1,0,0,1,0,29,4
505,0,0,1,0,0,1,0,32,4
649,0,0,1,0,0,1,1,27,4
409,0,0,1,0,0,1,1,23,4
256,0,0,1,0,0,1,1,27,4
728,0,0,0,1,0,1,1,40,4
866,0,0,1,0,0,1,1,23,4
1354,0,0,1,0,0,1,1,26,4
1310,0,0,1,0,0,1,1,37,4
688,0,0,1,0,0,1,1,21,4
526,0,0,1,0,0,1,1,27,4
437,0,0,0,1,0,1,1,25,4
1225,0,0,1,0,0,1,0,30,4
332,0,0,1,0,0,1,0,30,4
222,0,0,1,0,0,1,1,52,4
1745,0,0,1,0,0,1,1,26,4
724,0,0,1,0,0,1,1,28,4
331,0,0,1,0,0,1,0,28,4
1597,0,0,0,1,0,1,1,27,4
763,0,0,0,1,0,1,0,41,4
1104,0,0,1,0,0,1,1,29,4
318,0,0,1,0,0,1,1,38,4
895,0,0,0,1,0,1,1,26,4
425,0,0,1,0,0,1,0,24,4
835,0,0,1,0,0,1,1,38,4
626,0,0,1,0,0,1,1,24,4
1195,0,0,1,0,0,1,0,35,4
357,0,0,1,0,0,1,1,25,4
314,0,0,1,0,0,1,1,60,4
2398,0,0,1,0,0,1,1,28,4
467,0,0,1,0,0,1,0,20,4
492,0,0,1,0,0,1,0,30,4
387,0,0,1,0,0,1,1,32,4
1299,0,0,0,1,0,1,1,22,4
442,0,0,1,0,0,1,1,29,4
441,0,0,1,0,0,1,1,32,4
567,0,0,1,0,0,1,1,35,4
1075,0,0,1,0,0,1,0,27,4
1149,0,0,1,0,0,1,1,31,4
696,0,0,1,0,0,1,1,30,4
263,0,0,1,0,0,1,1,30,4
1400,0,0,1,0,0,1,1,51,4
981,0,0,1,0,0,1,1,23,4
1304,0,0,1,0,0,1,1,36,4
557,0,0,1,0,0,1,1,35,4
667,0,0,1,0,0,1,0,42,4
557,0,0,1,0,0,1,0,26,4
366,0,0,1,0,0,1,1,27,4
617,0,0,1,0,0,1,1,38,4
941,0,0,0,1,0,1,1,26,4
927,0,0,0,1,0,1,1,19,4
698,0,0,1,0,0,1,1,22,4
689,0,0,0,1,0,1,1,26,4
1379,0,0,1,0,0,1,0,56,4
729,0,0,1,0,0,1,1,30,4
661,0,0,0,1,0,1,1,25,4
1223,0,0,1,0,0,1,0,30,4
3060,0,0,1,0,0,1,1,60,4
955,0,0,1,0,0,1,1,25,4
817,0,0,1,0,0,1,0,30,4
975,0,0,1,0,0,1,1,28,4
966,0,0,1,0,0,1,0,30,4
640,0,0,1,0,0,1,0,27,4
804,0,0,0,1,0,1,1,23,4
338,0,0,1,0,0,1,1,26,4
527,0,0,1,0,0,1,0,32,4
895,0,0,1,0,0,1,0,29,4
417,0,0,1,0,0,1,1,40,4
500,0,0,0,1,0,1,1,25,4
897,0,0,1,0,0,1,0,29,4
190,0,0,1,0,0,1,1,36,4
535,0,0,0,1,0,1,1,44,4
691,0,0,1,0,0,1,0,44,4
400,0,0,1,0,0,1,0,22,4
755,0,0,1,0,0,1,1,46,4
569,0,0,1,0,0,1,1,23,4
573,0,0,0,1,0,1,1,29,4
3639,0,0,1,0,0,1,0,38,4
291,0,0,0,1,0,1,1,23,4
372,0,0,0,1,0,1,1,44,4
377,0,0,1,0,0,1,1,45,4
390,0,0,0,1,0,1,1,19,4
1069,0,0,0,1,0,1,1,27,4
798,0,0,1,0,0,1,1,26,4
223,0,0,1,0,0,1,1,23,4
437,0,0,1,0,0,1,0,25,4
1102,0,0,0,1,0,1,1,35,4
639,0,0,1,0,0,1,1,18,4
421,0,0,1,0,0,1,1,29,4
635,0,0,1,0,0,1,1,27,4
154,0,0,0,1,0,1,1,35,4
469,0,0,1,0,0,1,0,23,4
913,0,0,1,0,0,1,1,55,4
384,0,0,1,0,0,1,1,30,4
397,0,0,1,0,0,1,0,27,4
262,0,0,1,0,0,1,1,25,4
1093,0,0,1,0,0,1,1,34,4
344,0,0,1,0,0,1,1,28,4
449,0,0,1,0,0,1,1,24,4
682,0,0,1,0,0,1,1,21,4
1119,0,0,1,0,0,1,1,29,4
383,0,0,0,1,0,1,1,26,4
416,0,0,0,1,0,1,1,35,4
970,0,0,0,1,0,1,1,23,4
729,0,0,1,0,0,1,1,27,4
2041,0,0,1,0,0,1,1,46,4
370,0,0,1,0,0,1,1,32,4
464,0,0,1,0,0,1,1,29,4
346,0,0,0,1,0,1,0,26,4
447,0,0,0,1,0,1,1,26,4
793,0,0,1,0,0,1,0,24,4
762,0,0,1,0,0,1,0,21,4
701,0,0,1,0,0,1,1,27,4
1609,0,0,0,1,0,1,1,28,4
121,0,0,0,1,0,1,1,30,4
122,0,0,1,0,0,1,1,19,4
675,0,0,1,0,0,1,1,27,4
580,0,0,1,0,0,1,1,34,4
634,0,0,1,0,0,1,1,33,4
1018,0,0,1,0,0,1,1,29,4
1266,0,0,1,0,0,1,0,36,4
3399,0,0,1,0,0,1,1,36,4
1626,0,0,0,1,0,1,0,25,4
425,0,0,1,0,0,1,1,28,4
687,0,0,0,1,0,1,1,35,4
750,0,0,0,1,0,1,1,34,4
844,0,0,1,0,0,1,0,44,4
1125,0,0,1,0,0,1,1,35,4
1191,0,0,1,0,0,1,1,30,4
252,0,0,1,0,0,1,0,30,4
246,0,0,1,0,0,1,1,30,4
918,0,0,1,0,0,1,1,53,4
1084,0,0,1,0,0,1,1,52,4
372,0,0,1,0,0,1,1,37,4
327,0,0,1,0,0,1,0,21,4
1571,0,0,1,0,0,1,1,28,4
678,0,0,1,0,0,1,1,24,4
877,0,0,1,0,0,1,1,30,4
1774,0,0,1,0,0,1,1,21,4
482,0,0,0,1,0,1,1,28,4
141,0,0,1,0,0,1,0,36,4
425,0,0,1,0,0,1,1,27,4
1262,0,0,1,0,0,1,0,29,4
773,0,0,1,0,0,1,0,35,4
619,0,0,1,0,0,1,1,59,4
912,0,0,1,0,0,1,0,31,4
156,0,0,1,0,0,1,1,32,4
403,0,0,1,0,0,1,1,30,4
305,0,0,0,1,0,1,1,38,4
370,0,0,1,0,0,1,0,54,4
271,0,0,1,0,0,1,0,34,4
408,0,0,1,0,0,1,0,33,4
267,0,0,0,1,0,1,1,29,4
735,0,0,1,0,0,1,1,23,4
414,0,0,1,0,0,1,1,40,4
440,0,0,1,0,0,1,1,21,4
771,0,0,1,0,0,1,1,36,4
299,0,0,1,0,0,1,0,35,4
1267,0,0,1,0,0,1,1,41,4
227,0,0,1,0,0,1,1,20,4
1003,0,0,0,1,0,1,1,27,4
516,0,0,1,0,0,1,1,36,4
801,0,0,1,0,0,1,1,30,4
381,0,0,1,0,0,1,1,38,4
534,0,0,1,0,0,1,1,36,4
523,0,0,1,0,0,1,0,23,4
1038,0,0,1,0,0,1,1,66,4
504,0,0,1,0,0,1,1,24,4
1153,0,0,1,0,0,1,1,32,4
243,0,0,0,1,0,1,1,23,4
611,0,0,1,0,0,1,0,29,4
1077,0,0,1,0,0,1,1,31,4
5096,0,0,1,0,0,1,1,33,4
257,0,0,1,0,0,1,1,52,4
2017,0,0,1,0,0,1,1,25,4
563,0,0,0,1,0,1,1,27,4
814,0,0,1,0,0,1,1,28,4
1039,0,0,1,0,0,1,1,54,4
516,0,0,1,0,0,1,0,32,4
304,0,0,0,1,0,1,0,22,4
1092,0,0,1,0,0,1,1,29,4
1755,0,0,1,0,0,1,1,20,4
378,0,0,1,0,0,1,1,30,4
256,0,0,1,0,0,1,1,45,4
267,0,0,1,0,0,1,1,32,4
952,0,0,1,0,0,1,0,28,4
321,0,0,1,0,0,1,1,27,4
659,0,0,1,0,0,1,0,26,4
671,0,0,1,0,0,1,1,24,4
399,0,0,1,0,0,1,1,25,4
1244,0,0,1,0,0,1,1,26,4
816,0,0,1,0,0,1,1,28,4
630,0,0,1,0,0,1,1,30,4
579,0,0,1,0,0,1,1,27,4
404,0,0,1,0,0,1,1,34,4
787,0,0,1,0,0,1,1,30,4
566,0,0,1,0,0,1,1,30,4
658,0,0,1,0,0,1,1,23,4
989,0,0,1,0,0,1,0,46,4
388,0,0,0,1,0,1,0,22,4
728,0,0,1,0,0,1,1,25,4
348,0,0,1,0,0,1,1,23,4
197,0,0,1,0,0,1,1,46,4
859,0,0,1,0,0,1,1,29,4
213,0,0,1,0,0,1,1,25,4
652,0,0,1,0,0,1,1,33,4
256,0,0,1,0,0,1,1,54,4
480,0,0,1,0,0,1,0,26,4
704,0,0,1,0,0,1,1,25,4
668,0,0,1,0,0,1,0,23,4
980,0,0,1,0,0,1,1,67,4
1013,0,0,0,1,0,1,1,27,4
478,0,0,1,0,0,1,0,38,4
652,0,0,1,0,0,1,1,43,4
470,0,0,0,1,0,1,1,27,4
551,1,0,0,0,1,0,1,21,3
533,0,0,0,1,1,0,1,25,3
828,1,0,0,0,1,0,1,44,3
926,1,0,0,0,1,0,1,39,3
319,1,0,0,0,1,0,1,46,3
357,1,0,0,0,1,0,1,40,3
1046,1,0,0,0,1,0,1,27,3
1159,1,0,0,0,1,0,1,49,3
763,1,0,0,0,1,0,1,60,3
793,1,0,0,0,1,0,1,29,3
258,1,0,0,0,1,0,1,32,3
444,1,0,0,0,1,0,1,32,3
353,1,0,0,0,1,0,1,23,3
649,1,0,0,0,1,0,1,27,3
946,1,0,0,0,1,0,1,23,3
436,1,0,0,0,1,0,1,26,3
361,1,0,0,0,1,0,1,24,3
730,1,0,0,0,1,0,1,34,3
579,1,0,0,0,1,0,1,34,3
1542,1,0,0,0,1,0,1,23,3
570,1,0,0,0,1,0,1,35,3
704,1,0,0,0,1,0,1,49,3
895,1,0,0,0,1,0,1,45,3
339,1,0,0,0,1,0,1,55,3
526,1,0,0,0,1,0,1,30,3
238,1,0,0,0,1,0,1,40,3
385,1,0,0,0,1,0,1,27,3
1557,1,0,0,0,1,0,1,52,3
763,1,0,0,0,1,0,1,48,3
526,1,0,0,0,1,0,1,23,3
351,1,0,0,0,1,0,1,23,3
319,1,0,0,0,1,0,1,25,3
1458,1,0,0,0,1,0,1,41,3
585,1,0,0,0,1,0,1,53,3
1299,1,0,0,0,1,0,1,35,3
1167,1,0,0,0,1,0,1,45,3
1018,1,0,0,0,1,0,1,33,3
22,1,0,0,0,1,0,1,35,3
107,1,0,0,0,1,0,1,38,3
245,1,0,0,0,1,0,1,49,3
208,1,0,0,0,1,0,1,28,3
366,1,0,0,0,1,0,1,58,3
291,1,0,0,0,1,0,1,38,3
603,1,0,0,0,1,0,1,32,3
494,1,0,0,0,1,0,1,41,3
145,1,0,0,0,1,0,1,49,3
266,0,0,0,1,1,0,1,30,3
381,1,0,0,0,1,0,1,45,3
346,1,0,0,0,1,0,1,34,3
368,0,0,0,1,1,0,1,44,3
716,1,0,0,0,1,0,1,29,3
1572,1,0,0,0,1,0,1,35,3
988,1,0,0,0,1,0,1,42,3
542,1,0,0,0,1,0,1,23,3
251,1,0,0,0,1,0,1,29,3
716,1,0,0,0,1,0,1,45,3
297,1,0,0,0,1,0,1,32,3
1132,0,0,0,1,1,0,1,58,3
946,1,0,0,0,1,0,1,34,3
375,1,0,0,0,1,0,1,31,3
1232,1,0,0,0,1,0,1,23,3
470,1,0,0,0,1,0,1,57,3
444,1,0,0,0,1,0,1,22,3
258,1,0,0,0,1,0,1,42,3
484,1,0,0,0,1,0,1,23,3
188,1,0,0,0,1,0,1,29,3
202,1,0,0,0,1,0,1,49,3
280,1,0,0,0,1,0,1,44,3
1296,1,0,0,0,1,0,1,29,3
801,1,0,0,0,1,0,1,45,3
636,1,0,0,0,1,0,1,46,3
486,1,0,0,0,1,0,1,59,3
421,1,0,0,0,1,0,1,35,3
395,1,0,0,0,1,0,1,49,3
310,1,0,0,0,1,0,1,49,3
287,1,0,0,0,1,0,1,60,3
699,1,0,0,0,1,0,1,30,3
612,1,0,0,0,1,0,1,29,3
1041,1,0,0,0,1,0,1,41,3
121,1,0,0,0,1,0,1,36,3
545,1,0,0,0,1,0,1,28,3
702,1,0,0,0,1,0,1,44,3
1039,1,0,0,0,1,0,1,27,3
1188,1,0,0,0,1,0,1,37,3
274,1,0,0,0,1,0,1,31,3
16960,1,0,0,0,1,0,1,42,3
822,1,0,0,0,1,0,1,28,3
387,1,0,0,0,1,0,1,49,3
560,1,0,0,0,1,0,1,30,3
329,1,0,0,0,1,0,1,29,3
625,1,0,0,0,1,0,1,29,3
751,1,0,0,0,1,0,1,45,3
857,1,0,0,0,1,0,1,35,3
1021,1,0,0,0,1,0,1,31,3
472,1,0,0,0,1,0,1,18,3
258,1,0,0,0,1,0,1,24,3
218,1,0,0,0,1,0,1,54,3
278,1,0,0,0,1,0,1,23,3
450,1,0,0,0,1,0,1,39,3
1015,1,0,0,0,1,0,1,39,3
1036,1,0,0,0,1,0,1,31,3
1273,1,0,0,0,1,0,1,42,3
305,1,0,0,0,1,0,1,32,3
652,1,0,0,0,1,0,1,53,3
167,1,0,0,0,1,0,1,36,3
322,1,0,0,0,1,0,1,33,3
426,1,0,0,0,1,0,1,54,3
271,1,0,0,0,1,0,1,49,3
420,1,0,0,0,1,0,1,40,3
613,1,0,0,0,1,0,1,48,3
644,1,0,0,0,1,0,1,28,3
357,1,0,0,0,1,0,1,34,3
564,1,0,0,0,1,0,1,32,3
329,1,0,0,0,1,0,1,37,3
569,1,0,0,0,1,0,1,22,3
562,1,0,0,0,1,0,1,41,3
467,1,0,0,0,1,0,1,35,3
548,1,0,0,0,1,0,1,23,3
660,1,0,0,0,1,0,1,24,3
414,1,0,0,0,1,0,1,33,3
486,1,0,0,0,1,0,1,38,3
727,1,0,0,0,1,0,1,41,3
874,1,0,0,0,1,0,1,47,3
125,1,0,0,0,1,0,1,34,3
433,1,0,0,0,1,0,1,32,3
826,1,0,0,0,1,0,1,34,3
1056,1,0,0,0,1,0,1,36,3
198,1,0,0,0,1,0,1,52,3
273,1,0,0,0,1,0,1,55,3
418,1,0,0,0,1,0,1,29,3
390,1,0,0,0,1,0,1,45,3
592,1,0,0,0,1,0,1,36,3
14,1,0,0,0,1,0,1,30,3
409,1,0,0,0,1,0,1,42,3
1031,1,0,0,0,1,0,1,30,3
361,1,0,0,0,1,0,1,32,3
664,1,0,0,0,1,0,1,54,3
580,1,0,0,0,1,0,1,27,3
698,1,0,0,0,1,0,1,25,3
608,1,0,0,0,1,0,1,29,3
721,1,0,0,0,1,0,1,26,3
666,1,0,0,0,1,0,1,28,3
466,1,0,0,0,1,0,1,50,3
296,1,0,0,0,1,0,1,22,3
350,0,0,0,1,1,0,1,40,3
619,1,0,0,0,1,0,1,37,3
759,1,0,0,0,1,0,1,49,3
1102,1,0,0,0,1,0,1,35,3
392,1,0,0,0,1,0,1,39,3
921,1,0,0,0,1,0,1,54,3
390,1,0,0,0,1,0,1,50,3
652,1,0,0,0,1,0,1,38,3
345,1,0,0,0,1,0,1,44,3
295,1,0,0,0,1,0,1,38,3
220,1,0,0,0,1,0,1,41,3
677,1,0,0,0,1,0,1,34,3
1261,1,0,0,0,1,0,1,34,3
217,1,0,0,0,1,0,1,49,3
1357,1,0,0,0,1,0,1,58,3
284,1,0,0,0,1,0,1,33,3
468,1,0,0,0,1,0,1,26,3
363,1,0,0,0,1,0,1,26,3
270,1,0,0,0,1,0,1,24,3
321,1,0,0,0,1,0,1,32,3
600,1,0,0,0,1,0,1,31,3
826,1,0,0,0,1,0,1,32,3
261,1,0,0,0,1,0,1,45,3
220,1,0,0,0,1,0,1,50,3
282,1,0,0,0,1,0,1,29,3
565,1,0,0,0,1,0,1,48,3
223,1,0,0,0,1,0,1,45,3
551,1,0,0,0,1,0,1,33,3
454,1,0,0,0,1,0,1,29,3
1201,1,0,0,0,1,0,1,32,3
1222,1,0,0,0,1,0,1,50,3
802,1,0,0,0,1,0,1,42,3
480,1,0,0,0,1,0,1,29,3
503,1,0,0,0,1,0,1,37,3
1168,1,0,0,0,1,0,1,34,3
1584,1,0,0,0,1,0,1,24,3
345,1,0,0,0,1,0,1,29,3
272,1,0,0,0,1,0,1,57,3
695,1,0,0,0,1,0,1,38,3
312,1,0,0,0,1,0,1,38,3
466,1,0,0,0,1,0,1,35,3
358,1,0,0,0,1,0,1,38,3
314,1,0,0,0,1,0,1,47,3
313,1,0,0,0,1,0,1,30,3
590,1,0,0,0,1,0,1,35,3
679,1,0,0,0,1,0,1,42,3
532,1,0,0,0,1,0,1,28,3
385,1,0,0,0,1,0,1,47,3
630,1,0,0,0,1,0,1,23,3
139,1,0,0,0,1,0,1,51,3
554,0,0,0,1,1,0,1,23,3
1724,1,0,0,0,1,0,1,44,3
597,1,0,0,0,1,0,1,43,3
615,1,0,0,0,1,0,1,29,3
542,1,0,0,0,1,0,1,44,3
646,0,0,0,1,1,0,1,38,3
632,0,0,0,1,1,0,1,30,3
300,1,0,0,0,1,0,1,30,3
653,1,0,0,0,1,0,1,60,3
347,1,0,0,0,1,0,1,28,3
281,1,0,0,0,1,0,1,45,3
420,1,0,0,0,1,0,1,21,3
368,1,0,0,0,1,0,1,53,3
515,1,0,0,0,1,0,1,27,3
365,1,0,0,0,1,0,1,27,3
320,1,0,0,0,1,0,1,29,3
1250,0,0,0,1,1,0,1,21,3
386,1,0,0,0,1,0,1,39,3
1000,1,0,0,0,1,0,1,38,3
554,1,0,0,0,1,0,1,55,3
566,1,0,0,0,1,0,1,27,3
315,1,0,0,0,1,0,1,41,3
650,1,0,0,0,1,0,1,52,3
434,1,0,0,0,1,0,1,59,3
205,1,0,0,0,1,0,1,54,3
660,1,0,0,0,1,0,1,41,3
442,1,0,0,0,1,0,1,33,3
1334,1,0,0,0,1,0,1,46,3
1305,1,0,0,0,1,0,1,49,3
334,1,0,0,0,1,0,1,29,3
1745,1,0,0,0,1,0,1,59,3
776,1,0,0,0,1,0,1,29,3
957,1,0,0,0,1,0,1,33,3
502,1,0,0,0,1,0,1,38,3
713,1,0,0,0,1,0,1,23,3
163,1,0,0,0,1,0,1,34,3
457,1,0,0,0,1,0,1,24,3
712,1,0,0,0,1,0,1,30,3
239,1,0,0,0,1,0,1,38,3
165,1,0,0,0,1,0,1,28,3
380,0,0,0,1,1,0,1,38,3
208,1,0,0,0,1,0,1,44,3
648,1,0,0,0,1,0,1,46,3
292,1,0,0,0,1,0,1,38,3
519,1,0,0,0,1,0,1,52,3
219,1,0,0,0,1,0,1,26,3
283,1,0,0,0,1,0,1,24,3
264,1,0,0,0,1,0,1,46,3
488,1,0,0,0,1,0,1,45,3
285,1,0,0,0,1,0,1,30,3
375,1,0,0,0,1,0,1,21,3
259,1,0,0,0,1,0,1,36,3
297,1,0,0,0,1,0,1,52,3
258,1,0,0,0,1,0,1,59,3
386,1,0,0,0,1,0,1,25,3
550,1,0,0,0,1,0,1,49,3
723,1,0,0,0,1,0,1,29,3
212,1,0,0,0,1,0,1,52,3
256,1,0,0,0,1,0,1,33,3
411,1,0,0,0,1,0,1,26,3
326,1,0,0,0,1,0,1,56,3
821,1,0,0,0,1,0,1,26,3
351,1,0,0,0,1,0,1,25,3
872,1,0,0,0,1,0,1,39,3
543,1,0,0,0,1,0,1,60,3
1164,1,0,0,0,1,0,1,28,3
410,1,0,0,0,1,0,1,28,3
550,1,0,0,0,1,0,1,54,3
848,1,0,0,0,1,0,1,49,3
642,0,0,0,1,1,0,1,35,3
156,1,0,0,0,1,0,1,40,3
229,1,0,0,0,1,0,1,49,3
428,1,0,0,0,1,0,1,54,3
513,1,0,0,0,1,0,1,61,3
378,1,0,0,0,1,0,1,40,3
132,1,0,0,0,1,0,1,37,3
307,1,0,0,0,1,0,1,64,3
766,1,0,0,0,1,0,1,46,3
292,1,0,0,0,1,0,1,24,3
662,1,0,0,0,1,0,1,49,3
1523,1,0,0,0,1,0,1,32,3
612,1,0,0,0,1,0,1,26,3
415,1,0,0,0,1,0,1,41,3
287,1,0,0,0,1,0,1,42,3
373,1,0,0,0,1,0,1,34,3
607,1,0,0,0,1,0,1,30,3
688,1,0,0,0,1,0,1,36,3
554,1,0,0,0,1,0,1,51,3
567,1,0,0,0,1,0,1,18,3
538,1,0,0,0,1,0,1,41,3
422,1,0,0,0,1,0,1,26,3
572,1,0,0,0,1,0,1,18,3
322,1,0,0,0,1,0,1,53,3
479,1,0,0,0,1,0,1,44,3
272,1,0,0,0,1,0,1,29,3
228,1,0,0,0,1,0,1,23,3
1296,1,0,0,0,1,0,1,47,3
329,1,0,0,0,1,0,1,35,3
601,1,0,0,0,1,0,1,27,3
435,1,0,0,0,1,0,1,25,3
1619,1,0,0,0,1,0,1,42,3
532,1,0,0,0,1,0,1,61,3
259,1,0,0,0,1,0,1,24,3
654,1,0,0,0,1,0,1,59,3
815,1,0,0,0,1,0,1,62,3
669,1,0,0,0,1,0,1,45,3
764,1,0,0,0,1,0,1,29,3
280,1,0,0,0,1,0,1,18,3
405,1,0,0,0,1,0,1,42,3
1019,1,0,0,0,1,0,1,64,3
565,1,0,0,0,1,0,1,42,3
271,1,0,0,0,1,0,1,47,3
493,1,0,0,0,1,0,1,61,3
224,1,0,0,0,1,0,1,26,3
309,1,0,0,0,1,0,1,59,3
273,1,0,0,0,1,0,1,24,3
368,1,0,0,0,1,0,1,59,3
276,1,0,0,0,1,0,1,22,3
1351,1,0,0,0,1,0,1,26,3
576,1,0,0,0,1,0,1,31,3
1441,1,0,0,0,1,0,1,23,3
690,1,0,0,0,1,0,1,28,3
686,1,0,0,0,1,0,1,42,3
273,1,0,0,0,1,0,1,50,3
420,1,0,0,0,1,0,1,34,3
240,1,0,0,0,1,0,1,26,3
592,1,0,0,0,1,0,1,26,3
770,1,0,0,0,1,0,1,31,3
629,1,0,0,0,1,0,1,53,3
95,1,0,0,0,1,0,1,46,3
415,1,0,0,0,1,0,1,54,3
624,1,0,0,0,1,0,1,33,3
661,1,0,0,0,1,0,1,25,3
993,1,0,0,0,1,0,1,47,3
450,1,0,0,0,1,0,1,53,3
325,1,0,0,0,1,0,1,27,3
621,1,0,0,0,1,0,1,26,3
679,1,0,0,0,1,0,1,46,3
197,1,0,0,0,1,0,1,46,3
591,1,0,0,0,1,0,1,27,3
654,1,0,0,0,1,0,1,23,3
96,1,0,0,0,1,0,1,23,3
436,1,0,0,0,1,0,1,37,3
576,1,0,0,0,1,0,1,27,3
324,1,0,0,0,1,0,1,41,3
768,1,0,0,0,1,0,1,34,3
217,1,0,0,0,1,0,1,20,3
418,1,0,0,0,1,0,1,42,3
1072,1,0,0,0,1,0,1,24,3
412,1,0,0,0,1,0,1,24,3
410,1,0,0,0,1,0,1,33,3
630,1,0,0,0,1,0,1,28,3
711,1,0,0,0,1,0,1,29,3
816,1,0,0,0,1,0,1,33,3
509,1,0,0,0,1,0,1,35,3
1029,1,0,0,0,1,0,1,39,3
1121,1,0,0,0,1,0,1,34,3
499,1,0,0,0,1,0,1,52,3
601,1,0,0,0,1,0,1,21,3
502,1,0,0,0,1,0,1,26,3
689,1,0,0,0,1,0,1,34,3
261,1,0,0,0,1,0,1,49,3
729,1,0,0,0,1,0,1,29,3
164,1,0,0,0,1,0,1,38,3
269,1,0,0,0,1,0,1,56,3
754,1,0,0,0,1,0,1,57,3
631,1,0,0,0,1,0,1,26,3
667,1,0,0,0,1,0,1,28,3
5,1,0,0,0,1,0,1,25,3
1958,1,0,0,0,1,0,1,42,3
796,1,0,0,0,1,0,1,30,3
450,1,0,0,0,1,0,1,43,3
358,1,0,0,0,1,0,1,39,3
319,1,0,0,0,1,0,1,35,3
754,1,0,0,0,1,0,1,25,3
713,1,0,0,0,1,0,1,25,3
332,1,0,0,0,1,0,1,30,3
1008,1,0,0,0,1,0,1,61,3
616,1,0,0,0,1,0,1,27,3
182,1,0,0,0,1,0,1,65,3
767,1,0,0,0,1,0,1,31,3
241,1,0,0,0,1,0,1,30,3
669,1,0,0,0,1,0,1,45,3
553,1,0,0,0,1,0,1,31,3
682,1,0,0,0,1,0,1,29,3
411,1,0,0,0,1,0,1,28,3
1132,1,0,0,0,1,0,1,27,3
750,1,0,0,0,1,0,1,52,3
570,1,0,0,0,1,0,1,57,3
282,1,0,0,0,1,0,1,30,3
380,1,0,0,0,1,0,1,30,3
740,1,0,0,0,1,0,1,41,3
802,1,0,0,0,1,0,1,45,3
465,1,0,0,0,1,0,1,28,3
368,1,0,0,0,1,0,1,32,3
454,1,0,0,0,1,0,1,38,3
269,1,0,0,0,1,0,1,50,3
424,1,0,0,0,1,0,1,50,3
271,0,0,0,1,1,0,1,28,3
454,1,0,0,0,1,0,1,28,3
657,1,0,0,0,1,0,1,30,3
333,1,0,0,0,1,0,1,43,3
250,1,0,0,0,1,0,1,22,3
592,1,0,0,0,1,0,1,26,3
209,1,0,0,0,1,0,1,32,3
114,1,0,0,0,1,0,1,39,3
551,1,0,0,0,1,0,1,51,3
181,1,0,0,0,1,0,1,50,3
331,1,0,0,0,1,0,1,29,3
872,1,0,0,0,1,0,1,62,3
742,1,0,0,0,1,0,1,42,3
566,1,0,0,0,1,0,1,44,3
245,1,0,0,0,1,0,1,53,3
823,1,0,0,0,1,0,1,54,3
948,1,0,0,0,1,0,1,20,3
692,1,0,0,0,1,0,1,50,3
352,1,0,0,0,1,0,1,61,3
747,1,0,0,0,1,0,1,30,3
375,1,0,0,0,1,0,1,43,3
1713,1,0,0,0,1,0,1,40,3
561,1,0,0,0,1,0,1,37,3
23,1,0,0,0,1,0,1,31,3
648,1,0,0,0,1,0,1,54,3
154,1,0,0,0,1,0,1,20,3
339,1,0,0,0,1,0,1,29,3
1098,1,0,0,0,1,0,1,64,3
768,1,0,0,0,1,0,1,35,3
740,1,0,0,0,1,0,1,31,3
535,0,0,0,1,1,0,1,22,3
409,1,0,0,0,1,0,1,25,3
512,1,0,0,0,1,0,1,34,3
198,1,0,0,0,1,0,1,27,3
596,1,0,0,0,1,0,1,36,3
511,1,0,0,0,1,0,1,26,3
654,1,0,0,0,1,0,1,65,3
210,1,0,0,0,1,0,1,59,3
252,1,0,0,0,1,0,1,53,3
334,1,0,0,0,1,0,1,26,3
343,1,0,0,0,1,0,1,31,3
476,1,0,0,0,1,0,1,37,3
341,1,0,0,0,1,0,1,23,3
696,1,0,0,0,1,0,1,34,3
152,1,0,0,0,1,0,1,29,3
1356,1,0,0,0,1,0,1,44,3
83,1,0,0,0,1,0,1,53,3
253,1,0,0,0,1,0,1,20,3
319,1,0,0,0,1,0,1,18,3
3,0,0,0,1,1,0,1,22,3
219,1,0,0,0,1,0,1,53,3
440,1,0,0,0,1,0,1,32,3
625,1,0,0,0,1,0,1,36,3
800,1,0,0,0,1,0,1,31,3
387,0,0,0,1,1,0,1,25,3
329,1,0,0,0,1,0,1,35,3
1134,1,0,0,0,1,0,1,45,3
1005,1,0,0,0,1,0,1,25,3
313,1,0,0,0,1,0,1,52,3
474,1,0,0,0,1,0,1,33,3
359,1,0,0,0,1,0,1,57,3
427,1,0,0,0,1,0,1,28,3
159,1,0,0,0,1,0,1,45,3
646,1,0,0,0,1,0,1,60,3
1290,1,0,0,0,1,0,1,32,3
781,1,0,0,0,1,0,1,32,3
695,1,0,0,0,1,0,1,30,3
318,1,0,0,0,1,0,1,27,3
494,1,0,0,0,1,0,1,32,3
315,1,0,0,0,1,0,1,59,3
84,1,0,0,0,1,0,1,39,3
284,1,0,0,0,1,0,1,32,3
608,1,0,0,0,1,0,1,26,3
267,1,0,0,0,1,0,1,34,3
522,1,0,0,0,1,0,1,55,3
409,1,0,0,0,1,0,1,45,3
998,1,0,0,0,1,0,1,27,3
1017,1,0,0,0,1,0,1,60,3
604,1,0,0,0,1,0,1,27,3
341,1,0,0,0,1,0,1,60,3
205,1,0,0,0,1,0,1,35,3
992,0,0,0,1,1,0,1,25,3
439,1,0,0,0,1,0,1,35,3
434,1,0,0,0,1,0,1,53,3
1132,1,0,0,0,1,0,1,36,3
795,1,0,0,0,1,0,1,35,3
1348,1,0,0,0,1,0,1,35,3
362,1,0,0,0,1,0,1,45,3
301,1,0,0,0,1,0,1,41,3
1329,0,0,0,1,1,0,1,25,3
634,1,0,0,0,1,0,1,30,3
1884,1,0,0,0,1,0,1,56,3
614,1,0,0,0,1,0,1,44,3
393,0,0,0,1,1,0,1,35,3
767,1,0,0,0,1,0,1,31,3
638,1,0,0,0,1,0,1,39,3
560,1,0,0,0,1,0,1,27,3
164,1,0,0,0,1,0,1,22,3
360,1,0,0,0,1,0,1,29,3
801,0,0,0,1,1,0,1,27,3
313,1,0,0,0,1,0,1,28,3
975,1,0,0,0,1,0,1,44,3
176,1,0,0,0,1,0,1,29,3
762,1,0,0,0,1,0,1,33,3
659,1,0,0,0,1,0,1,49,3
1056,1,0,0,0,1,0,1,49,3
258,1,0,0,0,1,0,1,26,3
469,1,0,0,0,1,0,1,29,3
1163,0,1,0,0,1,0,1,44,6
335,0,1,0,0,1,0,1,51,6
829,0,1,0,0,1,0,1,52,6
232,0,1,0,0,1,0,1,42,6
182,0,1,0,0,1,0,1,59,6
162,0,1,0,0,1,0,1,29,6
1515,0,1,0,0,1,0,1,51,6
275,0,1,0,0,1,0,1,29,6
199,0,1,0,0,1,0,1,44,6
317,0,1,0,0,1,0,1,42,6
351,0,1,0,0,1,0,1,35,6
687,0,1,0,0,1,0,1,59,6
1479,0,1,0,0,1,0,1,48,6
147,0,1,0,0,1,0,1,61,6
275,0,1,0,0,1,0,1,31,6
788,0,1,0,0,1,0,1,23,6
610,0,1,0,0,1,0,1,26,6
373,0,1,0,0,1,0,1,46,6
410,0,1,0,0,1,0,1,47,6
687,0,1,0,0,1,0,1,45,6
303,0,1,0,0,1,0,1,53,6
563,0,1,0,0,1,0,1,23,6
360,0,1,0,0,1,0,1,29,6
2627,0,1,0,0,1,0,1,23,6
1145,0,1,0,0,1,0,1,32,6
603,0,1,0,0,1,0,1,44,6
622,0,1,0,0,1,0,1,59,6
1028,0,1,0,0,1,0,1,43,6
407,0,1,0,0,1,0,1,40,6
919,0,1,0,0,1,0,1,30,6
1052,0,1,0,0,1,0,1,27,6
329,0,1,0,0,1,0,1,42,6
543,0,1,0,0,1,0,1,41,6
190,0,1,0,0,1,0,1,35,6
205,0,1,0,0,1,0,1,51,6
879,0,1,0,0,1,0,1,28,6
405,0,1,0,0,1,0,1,53,6
155,0,1,0,0,1,0,1,39,6
953,0,1,0,0,1,0,1,39,6
207,0,1,0,0,1,0,1,37,6
238,0,1,0,0,1,0,1,21,6
240,0,1,0,0,1,0,1,31,6
571,0,1,0,0,1,0,1,37,6
651,0,1,0,0,1,0,1,37,6
345,0,1,0,0,1,0,1,25,6
739,0,1,0,0,1,0,1,60,6
949,0,1,0,0,1,0,1,24,6
340,0,1,0,0,1,0,1,57,6
371,0,1,0,0,1,0,1,44,6
999,0,1,0,0,1,0,1,50,6
1779,0,1,0,0,1,0,1,33,6
275,0,1,0,0,1,0,1,46,6
1404,0,1,0,0,1,0,1,60,6
202,0,1,0,0,1,0,1,32,6
134,0,1,0,0,1,0,1,46,6
444,0,1,0,0,1,0,1,48,6
135,0,1,0,0,1,0,1,30,6
995,0,1,0,0,1,0,1,39,6
459,0,1,0,0,1,0,1,44,6
1256,0,1,0,0,1,0,1,22,6
374,0,1,0,0,1,0,1,45,6
491,0,1,0,0,1,0,1,30,6
431,0,1,0,0,1,0,1,38,6
162,0,1,0,0,1,0,1,46,6
431,0,1,0,0,1,0,1,39,6
1335,0,1,0,0,1,0,1,41,6
305,0,1,0,0,1,0,1,37,6
1333,0,1,0,0,1,0,1,29,6
578,0,1,0,0,1,0,1,38,6
288,0,1,0,0,1,0,1,47,6
392,0,1,0,0,1,0,1,39,6
1513,0,1,0,0,1,0,1,56,6
310,0,1,0,0,1,0,1,28,6
707,0,1,0,0,1,0,1,34,6
197,0,1,0,0,1,0,1,47,6
316,0,1,0,0,1,0,1,55,6
320,0,1,0,0,1,0,1,67,6
2941,0,1,0,0,1,0,1,65,6
307,0,1,0,0,1,0,1,22,6
406,0,1,0,0,1,0,1,49,6
1147,0,1,0,0,1,0,1,43,6
1078,0,1,0,0,1,0,1,34,6
502,0,1,0,0,1,0,1,47,6
513,0,1,0,0,1,0,1,33,6
354,0,1,0,0,1,0,1,19,6
2183,0,1,0,0,1,0,1,21,6
215,0,1,0,0,1,0,1,65,6
153,0,1,0,0,1,0,1,52,6
312,0,1,0,0,1,0,1,31,6
286,0,1,0,0,1,0,1,43,6
432,0,1,0,0,1,0,1,25,6
947,0,1,0,0,1,0,1,62,6
621,0,1,0,0,1,0,1,32,6
1260,0,1,0,0,1,0,1,55,6
617,0,1,0,0,1,0,1,23,6
456,0,1,0,0,1,0,1,22,6
359,0,1,0,0,1,0,1,32,6
437,0,1,0,0,1,0,1,60,6
281,0,1,0,0,1,0,1,54,6
393,0,1,0,0,1,0,1,40,6
1088,0,1,0,0,1,0,1,25,6
475,0,1,0,0,1,0,1,29,6
645,0,1,0,0,1,0,1,36,6
242,0,1,0,0,1,0,1,37,6
1478,0,1,0,0,1,0,1,28,6
153,0,1,0,0,1,0,1,34,6
411,0,1,0,0,1,0,1,38,6
1079,0,1,0,0,1,0,1,48,6
314,0,1,0,0,1,0,1,42,6
973,0,1,0,0,1,0,1,24,6
351,0,1,0,0,1,0,1,52,6
538,0,1,0,0,1,0,1,22,6
194,0,1,0,0,1,0,1,51,6
181,0,1,0,0,1,0,1,45,6
1082,0,1,0,0,1,0,1,26,6
530,0,1,0,0,1,0,1,27,6
153,0,1,0,0,1,0,1,19,6
217,0,1,0,0,1,0,1,31,6
801,0,1,0,0,1,0,1,24,6
187,0,1,0,0,1,0,1,32,6
881,0,1,0,0,1,0,1,38,6
368,0,1,0,0,1,0,1,57,6
540,0,1,0,0,1,0,1,27,6
8,0,1,0,0,1,0,1,45,6
137,0,1,0,0,1,0,1,55,6
608,0,1,0,0,1,0,1,38,6
565,0,1,0,0,1,0,1,23,6
256,0,1,0,0,1,0,1,28,6
600,0,1,0,0,1,0,1,25,6
677,0,1,0,0,1,0,1,30,6
213,0,1,0,0,1,0,1,55,6
334,0,1,0,0,1,0,1,59,6
888,0,1,0,0,1,0,1,38,6
986,0,1,0,0,1,0,1,53,6
774,0,1,0,0,1,0,1,63,6
301,0,1,0,0,1,0,1,25,6
820,0,1,0,0,1,0,1,30,6
526,0,1,0,0,1,0,1,50,6
440,0,1,0,0,1,0,1,36,6
594,0,1,0,0,1,0,1,32,6
981,0,1,0,0,1,0,1,25,6
406,0,1,0,0,1,0,1,40,6
865,0,1,0,0,1,0,1,28,6
696,0,1,0,0,1,0,1,47,6
407,0,1,0,0,1,0,1,30,6
1014,0,1,0,0,1,0,1,42,6
562,0,1,0,0,1,0,1,28,6
409,0,1,0,0,1,0,1,38,6
345,0,1,0,0,1,0,1,44,6
153,0,1,0,0,1,0,1,60,6
299,0,1,0,0,1,0,1,59,6
597,0,1,0,0,1,0,1,40,6
413,0,1,0,0,1,0,1,41,6
500,0,1,0,0,1,0,1,28,6
722,0,1,0,0,1,0,1,29,6
292,0,1,0,0,1,0,1,60,6
681,0,1,0,0,1,0,1,32,6
517,0,1,0,0,1,0,1,47,6
114,0,1,0,0,1,0,1,23,6
381,0,1,0,0,1,0,1,28,6
432,0,1,0,0,1,0,1,24,6
1147,0,1,0,0,1,0,1,56,6
311,0,1,0,0,1,0,1,34,6
1487,0,1,0,0,1,0,1,30,6
415,0,1,0,0,1,0,1,25,6
732,0,1,0,0,1,0,1,56,6
226,0,1,0,0,1,0,1,64,6
644,0,1,0,0,1,0,1,41,6
812,0,1,0,0,1,0,1,24,6
487,0,1,0,0,1,0,1,25,6
1156,0,1,0,0,1,0,1,27,6
1320,0,1,0,0,1,0,1,64,6
204,0,1,0,0,1,0,1,27,6
780,0,1,0,0,1,0,1,27,6
922,0,1,0,0,1,0,1,34,6
597,0,1,0,0,1,0,1,35,6
914,0,1,0,0,1,0,1,32,6
667,0,1,0,0,1,0,1,39,6
570,0,1,0,0,1,0,1,36,6
344,0,1,0,0,1,0,1,43,6
990,0,1,0,0,1,0,1,43,6
662,0,1,0,0,1,0,1,32,6
257,0,1,0,0,1,0,1,48,6
260,0,1,0,0,1,0,1,52,6
987,0,1,0,0,1,0,1,43,6
286,0,1,0,0,1,0,1,28,6
442,0,1,0,0,1,0,1,37,6
389,0,1,0,0,1,0,1,28,6
377,0,1,0,0,1,0,1,38,6
432,0,1,0,0,1,0,1,43,6
476,0,1,0,0,1,0,1,27,6
1333,0,1,0,0,1,0,1,28,6
804,0,1,0,0,1,0,1,24,6
417,0,1,0,0,1,0,1,25,6
973,0,1,0,0,1,0,1,29,6
624,0,1,0,0,1,0,1,46,6
300,0,1,0,0,1,0,1,34,6
437,0,1,0,0,1,0,1,33,6
249,0,1,0,0,1,0,1,40,6
326,0,1,0,0,1,0,1,21,6
366,0,1,0,0,1,0,1,45,6
195,0,1,0,0,1,0,1,35,6
381,0,1,0,0,1,0,1,29,6
487,0,1,0,0,1,0,1,38,6
3,0,1,0,0,1,0,1,26,6
480,0,1,0,0,1,0,1,26,6
329,0,1,0,0,1,0,1,46,6
1508,0,1,0,0,1,0,1,34,6
476,0,1,0,0,1,0,1,29,6
1349,0,1,0,0,1,0,1,22,6
150,0,1,0,0,1,0,1,24,6
697,0,1,0,0,1,0,1,51,6
384,0,1,0,0,1,0,1,32,6
130,0,1,0,0,1,0,1,30,6
257,0,1,0,0,1,0,1,19,6
367,0,1,0,0,1,0,1,42,6
381,0,1,0,0,1,0,1,27,6
134,0,1,0,0,1,0,1,25,6
490,0,1,0,0,1,0,1,29,6
442,0,1,0,0,1,0,1,25,6
555,0,1,0,0,1,0,1,40,6
910,0,1,0,0,1,0,1,29,6
500,0,1,0,0,1,0,1,54,6
340,0,1,0,0,1,0,1,62,6
405,0,1,0,0,1,0,1,20,6
732,0,1,0,0,1,0,1,35,6
467,0,1,0,0,1,0,1,26,6
321,0,1,0,0,1,0,1,30,6
786,0,1,0,0,1,0,1,26,6
397,0,1,0,0,1,0,1,70,6
461,0,1,0,0,1,0,1,45,6
605,0,1,0,0,1,0,1,32,6
231,0,1,0,0,1,0,1,31,6
678,0,1,0,0,1,0,1,30,6
945,0,1,0,0,1,0,1,33,6
1474,0,1,0,0,1,0,1,25,6
414,0,1,0,0,1,0,1,24,6
1197,0,1,0,0,1,0,1,28,6
621,0,1,0,0,1,0,1,37,6
395,0,1,0,0,1,0,1,51,6
862,0,1,0,0,1,0,1,31,6
272,0,1,0,0,1,0,1,23,6
1285,0,1,0,0,1,0,1,33,6
452,0,1,0,0,1,0,1,51,6
938,0,1,0,0,1,0,1,26,6
456,0,1,0,0,1,0,1,33,6
304,0,1,0,0,1,0,1,26,6
334,0,1,0,0,1,0,1,34,6
994,0,1,0,0,1,0,1,46,6
428,0,1,0,0,1,0,1,44,6
987,0,1,0,0,1,0,1,33,6
933,0,1,0,0,1,0,1,37,6
577,0,1,0,0,1,0,1,32,6
437,0,1,0,0,1,0,1,59,6
463,0,1,0,0,1,0,1,49,6
1078,0,1,0,0,1,0,1,49,6
995,0,1,0,0,1,0,1,24,6
710,0,1,0,0,1,0,1,63,6
897,0,1,0,0,1,0,1,31,6
442,0,1,0,0,1,0,1,30,6
498,0,1,0,0,1,0,1,32,6
320,0,1,0,0,1,0,1,18,6
398,0,1,0,0,1,0,1,28,6
762,0,1,0,0,1,0,1,50,6
406,0,1,0,0,1,0,1,46,6
970,0,1,0,0,1,0,1,52,6
885,0,1,0,0,1,0,1,24,6
404,0,1,0,0,1,0,1,39,6
389,0,1,0,0,1,0,1,53,6
258,0,1,0,0,1,0,1,41,6
762,0,1,0,0,1,0,1,24,6
601,0,1,0,0,1,0,1,26,6
410,0,1,0,0,1,0,1,58,6
532,0,1,0,0,1,0,1,28,6
705,0,1,0,0,1,0,1,50,6
503,0,1,0,0,1,0,1,29,6
502,0,1,0,0,1,0,1,31,6
372,0,1,0,0,1,0,1,30,6
440,0,1,0,0,1,0,1,35,6
329,0,1,0,0,1,0,1,30,6
526,0,1,0,0,1,0,1,42,6
824,0,1,0,0,1,0,1,39,6
1018,0,1,0,0,1,0,1,28,6
430,0,1,0,0,1,0,1,44,6
423,0,1,0,0,1,0,1,41,6
484,0,1,0,0,1,0,1,33,6
1510,0,1,0,0,1,0,1,36,6
183,0,1,0,0,1,0,1,33,6
507,0,1,0,0,1,0,1,31,6
214,0,1,0,0,1,0,1,46,6
1665,0,1,0,0,1,0,1,59,6
883,0,1,0,0,1,0,1,65,6
366,0,1,0,0,1,0,1,22,6
433,0,1,0,0,1,0,1,23,6
865,0,1,0,0,1,0,1,61,6
843,0,1,0,0,1,0,1,22,6
431,0,1,0,0,1,0,1,23,6
229,0,1,0,0,1,0,1,52,6
351,0,1,0,0,1,0,1,30,6
416,0,1,0,0,1,0,1,32,6
302,0,1,0,0,1,0,1,50,6
1134,0,1,0,0,1,0,1,46,6
1153,0,1,0,0,1,0,1,27,6
2304,0,1,0,0,1,0,1,28,6
1286,0,1,0,0,1,0,1,35,6
232,0,1,0,0,1,0,1,52,6
793,0,1,0,0,1,0,1,60,6
664,0,1,0,0,1,0,1,21,6
624,0,1,0,0,1,0,1,25,6
1362,0,1,0,0,1,0,1,24,6
315,0,1,0,0,1,0,1,28,6
402,0,1,0,0,1,0,1,33,6
226,0,1,0,0,1,0,1,33,6
1511,0,1,0,0,1,0,1,39,6
826,0,1,0,0,1,0,1,29,6
49,0,1,0,0,1,0,1,28,6
681,0,1,0,0,1,0,1,31,6
270,0,1,0,0,1,0,1,32,6
150,0,1,0,0,1,0,1,61,6
399,0,1,0,0,1,0,1,23,6
313,0,1,0,0,1,0,1,51,6
754,0,1,0,0,1,0,1,47,6
273,0,1,0,0,1,0,1,47,6
139,0,1,0,0,1,0,1,54,6
255,0,1,0,0,1,0,1,50,6
351,0,1,0,0,1,0,1,53,6
249,0,1,0,0,1,0,1,34,6
811,0,1,0,0,1,0,1,50,6
278,0,1,0,0,1,0,1,30,6
413,0,1,0,0,1,0,1,36,6
448,0,1,0,0,1,0,1,44,6
506,0,1,0,0,1,0,1,37,6
447,0,1,0,0,1,0,1,39,6
467,0,1,0,0,1,0,1,23,6
329,0,1,0,0,1,0,1,51,6
622,0,1,0,0,1,0,1,38,6
1276,0,1,0,0,1,0,1,35,6
830,0,1,0,0,1,0,1,30,6
903,0,1,0,0,1,0,1,20,6
521,0,1,0,0,1,0,1,25,6
223,0,1,0,0,1,0,1,35,6
670,0,1,0,0,1,0,1,32,6
421,0,1,0,0,1,0,1,42,6
469,0,1,0,0,1,0,1,45,6
215,0,1,0,0,1,0,1,53,6
638,0,1,0,0,1,0,1,59,6
598,0,1,0,0,1,0,1,40,6
798,0,1,0,0,1,0,1,26,6
425,0,1,0,0,1,0,1,30,6
1293,0,1,0,0,1,0,1,28,6
847,0,1,0,0,1,0,1,25,6
3289,0,1,0,0,1,0,1,38,6
429,0,1,0,0,1,0,1,36,6
612,0,1,0,0,1,0,1,40,6
1152,0,1,0,0,1,0,1,51,6
901,0,1,0,0,1,0,1,27,6
574,0,1,0,0,1,0,1,48,6
621,0,1,0,0,1,0,1,47,6
742,0,1,0,0,1,0,1,36,6
602,0,1,0,0,1,0,1,28,6
1258,0,1,0,0,1,0,1,63,6
552,0,1,0,0,1,0,1,63,6
591,0,1,0,0,1,0,1,47,6
472,0,1,0,0,1,0,1,31,6
440,0,1,0,0,1,0,1,29,6
351,0,1,0,0,1,0,1,24,6
893,0,1,0,0,1,0,1,56,6
395,0,1,0,0,1,0,1,34,6
444,0,1,0,0,1,0,1,42,6
758,0,1,0,0,1,0,1,32,6
711,0,1,0,0,1,0,1,25,6
239,0,1,0,0,1,0,1,28,6
488,0,1,0,0,1,0,1,35,6
476,0,1,0,0,1,0,1,44,6
1260,0,1,0,0,1,0,1,31,6
978,0,1,0,0,1,0,1,36,6
797,0,1,0,0,1,0,1,39,6
411,0,1,0,0,1,0,1,41,6
262,0,1,0,0,1,0,1,42,6
361,0,1,0,0,1,0,1,42,6
362,0,1,0,0,1,0,1,27,6
369,0,1,0,0,1,0,1,39,6
371,0,1,0,0,1,0,1,51,6
411,0,1,0,0,1,0,1,29,6
1163,0,1,0,0,1,0,1,28,6
376,0,1,0,0,1,0,1,61,6
227,0,1,0,0,1,0,1,31,6
238,0,1,0,0,1,0,1,25,6
1501,0,1,0,0,1,0,1,25,6
816,0,1,0,0,1,0,1,44,6
520,0,1,0,0,1,0,1,59,6
288,0,1,0,0,1,0,1,23,6
405,0,1,0,0,1,0,1,26,6
459,0,1,0,0,1,0,1,41,6
397,0,1,0,0,1,0,1,27,6
1306,0,1,0,0,1,0,1,51,6
314,0,1,0,0,1,0,1,20,6
704,0,1,0,0,1,0,1,27,6
1813,0,1,0,0,1,0,1,32,6
339,0,1,0,0,1,0,1,24,6
253,0,1,0,0,1,0,1,31,6
207,0,1,0,0,1,0,1,24,6
452,0,1,0,0,1,0,1,38,6
459,0,1,0,0,1,0,1,22,6
650,0,1,0,0,1,0,1,41,6
405,0,1,0,0,1,0,1,40,6
763,0,1,0,0,1,0,1,56,6
161,0,1,0,0,1,0,1,30,6
200,0,1,0,0,1,0,1,21,6
185,0,1,0,0,1,0,1,46,6
513,0,1,0,0,1,0,1,46,6
298,0,1,0,0,1,0,1,32,6
668,0,1,0,0,1,0,1,18,6
183,0,1,0,0,1,0,1,23,6
475,0,1,0,0,1,0,1,35,6
444,0,1,0,0,1,0,1,26,6
473,0,1,0,0,1,0,1,32,6
463,0,1,0,0,1,0,1,25,6
994,0,1,0,0,1,0,1,49,6
1064,0,1,0,0,1,0,1,47,6
1855,0,1,0,0,1,0,1,30,6
306,0,1,0,0,1,0,1,32,6
364,0,1,0,0,1,0,1,26,6
757,0,1,0,0,1,0,1,39,6
205,0,1,0,0,1,0,1,46,6
769,0,1,0,0,1,0,1,56,6
777,0,1,0,0,1,0,1,36,6
671,0,1,0,0,1,0,1,31,6
72,0,1,0,0,1,0,1,40,6
1419,0,1,0,0,1,0,1,66,6
380,0,1,0,0,1,0,1,58,6
930,0,1,0,0,1,0,1,50,6
1428,0,1,0,0,1,0,1,27,6
529,0,1,0,0,1,0,1,31,6
957,0,1,0,0,1,0,1,54,6
134,0,1,0,0,1,0,1,51,6
567,0,1,0,0,1,0,1,31,6
333,0,1,0,0,1,0,1,39,6
240,0,1,0,0,1,0,1,60,6
802,0,1,0,0,1,0,1,44,6
705,0,1,0,0,1,0,1,27,6
669,0,1,0,0,1,0,1,49,6
424,0,1,0,0,1,0,1,32,6
1111,0,1,0,0,1,0,1,29,6
773,0,1,0,0,1,0,1,25,6
329,0,1,0,0,1,0,1,31,6
124,0,1,0,0,1,0,1,54,6
363,0,1,0,0,1,0,1,30,6
2109,0,1,0,0,1,0,1,45,6
595,0,1,0,0,1,0,1,32,6
1066,0,1,0,0,1,0,1,31,6
326,0,1,0,0,1,0,1,23,6
623,0,1,0,0,1,0,1,22,6
563,0,1,0,0,1,0,1,24,6
385,0,1,0,0,1,0,1,46,6
211,0,1,0,0,1,0,1,33,6
469,0,1,0,0,1,0,1,19,6
684,0,1,0,0,1,0,1,31,6
745,0,1,0,0,1,0,1,51,6
1095,0,1,0,0,1,0,1,32,6
547,0,1,0,0,1,0,1,47,6
881,0,1,0,0,1,0,1,25,6
390,0,1,0,0,1,0,1,27,6
962,0,1,0,0,1,0,1,45,6
305,0,1,0,0,1,0,1,25,6
737,0,1,0,0,1,0,1,30,6
1250,0,1,0,0,1,0,1,32,6
232,0,1,0,0,1,0,1,46,6
486,0,1,0,0,1,0,1,33,6
342,0,1,0,0,1,0,1,28,6
697,0,1,0,0,1,0,1,27,6
485,0,1,0,0,1,0,1,33,6
400,0,1,0,0,1,0,1,43,6
315,0,1,0,0,1,0,1,59,6
471,0,1,0,0,1,0,1,33,6
697,0,1,0,0,1,0,1,20,6
274,0,1,0,0,1,0,1,37,6
250,0,1,0,0,1,0,1,37,6
1134,0,1,0,0,1,0,1,32,6
475,0,1,0,0,1,0,1,28,6
357,0,1,0,0,1,0,1,20,6
882,0,1,0,0,1,0,1,35,6
1278,0,1,0,0,1,0,1,22,6
288,0,1,0,0,1,0,1,43,6
752,0,1,0,0,1,0,1,35,6
298,0,1,0,0,1,0,1,58,6
645,0,1,0,0,1,0,1,48,6
953,0,1,0,0,1,0,1,24,6
446,0,1,0,0,1,0,1,33,6
371,0,1,0,0,1,0,1,38,6
201,0,1,0,0,1,0,1,46,6
332,0,1,0,0,1,0,1,44,6
437,0,1,0,0,1,0,1,31,6
582,0,1,0,0,1,0,1,39,6
333,0,1,0,0,1,0,1,21,6
396,0,1,0,0,1,0,1,26,6
463,0,1,0,0,1,0,1,45,6
1412,0,1,0,0,1,0,1,58,6
987,0,1,0,0,1,0,1,30,6
558,0,1,0,0,1,0,1,39,6
