"Duration","Morning","Afternoon","Evening","Night","Weekday","Weekend","Male","Age"
271,0,1,0,0,1,0,1,41
1738,0,1,0,0,1,0,0,58
971,0,0,1,0,0,1,1,36
953,0,1,0,0,1,0,0,38
537,0,1,0,0,1,0,1,57
805,0,1,0,0,1,0,1,52
294,0,0,1,0,1,0,0,29
736,0,1,0,0,0,1,0,36
565,0,1,0,0,1,0,1,62
291,0,0,1,0,1,0,1,46
852,1,0,0,0,1,0,1,34
3482,0,1,0,0,1,0,1,54
887,0,1,0,0,1,0,0,26
857,0,0,1,0,1,0,1,32
726,1,0,0,0,1,0,0,36
753,0,0,1,0,1,0,0,24
683,1,0,0,0,1,0,1,29
183,0,0,1,0,1,0,1,21
1149,0,1,0,0,1,0,1,29
483,0,0,1,0,1,0,1,33
352,0,1,0,0,1,0,0,22
237,0,1,0,0,1,0,1,32
1163,0,1,0,0,1,0,1,41
2022,1,0,0,0,0,1,1,52
248,1,0,0,0,1,0,1,22
1167,0,1,0,0,1,0,1,41
597,1,0,0,0,1,0,1,30
438,1,0,0,0,1,0,1,41
530,0,1,0,0,1,0,1,37
738,0,1,0,0,1,0,1,34
618,0,1,0,0,1,0,1,54
484,0,0,1,0,0,1,1,29
228,1,0,0,0,0,1,1,38
646,1,0,0,0,1,0,1,45
32,0,0,1,0,1,0,1,48
465,0,1,0,0,1,0,0,40
307,0,1,0,0,1,0,0,47
165,0,0,1,0,1,0,1,33
170,0,0,1,0,0,1,1,24
1045,1,0,0,0,1,0,1,29
1259,0,1,0,0,1,0,1,34
520,0,1,0,0,1,0,1,58
203,0,1,0,0,1,0,1,29
679,0,0,1,0,1,0,0,26
441,0,1,0,0,1,0,0,33
255,1,0,0,0,1,0,1,33
3823,0,0,1,0,0,1,0,29
355,0,1,0,0,1,0,1,40
173,1,0,0,0,1,0,1,26
483,0,1,0,0,1,0,1,48
1460,1,0,0,0,0,1,1,40
290,1,0,0,0,1,0,1,33
223,0,1,0,0,1,0,1,33
310,0,1,0,0,1,0,1,44
1270,0,0,1,0,0,1,0,31
520,1,0,0,0,1,0,1,49
376,0,1,0,0,0,1,0,54
1429,0,1,0,0,0,1,1,33
900,0,1,0,0,1,0,0,52
797,0,1,0,0,1,0,0,27
787,0,0,1,0,1,0,0,24
318,1,0,0,0,1,0,1,52
297,1,0,0,0,1,0,1,24
6060,1,0,0,0,1,0,1,54
458,0,1,0,0,0,1,1,29
1198,1,0,0,0,1,0,0,31
527,1,0,0,0,1,0,1,44
542,0,1,0,0,0,1,1,52
692,1,0,0,0,1,0,1,55
635,1,0,0,0,1,0,1,30
973,0,1,0,0,0,1,1,29
439,1,0,0,0,1,0,1,29
254,1,0,0,0,1,0,1,59
802,1,0,0,0,1,0,1,29
521,0,1,0,0,1,0,1,29
1217,1,0,0,0,1,0,1,32
398,1,0,0,0,1,0,1,52
735,0,1,0,0,1,0,0,50
2080,1,0,0,0,1,0,1,53
445,1,0,0,0,1,0,1,53
304,1,0,0,0,1,0,1,29
1455,1,0,0,0,1,0,1,63
1357,0,0,0,1,0,1,0,26
637,0,1,0,0,1,0,1,47
349,1,0,0,0,1,0,1,28
349,1,0,0,0,1,0,1,29
1034,0,0,1,0,0,1,1,26
125,0,1,0,0,1,0,0,50
379,1,0,0,0,1,0,1,61
731,0,1,0,0,1,0,1,34
707,0,0,1,0,0,1,1,31
1104,0,1,0,0,1,0,0,32
516,0,1,0,0,1,0,1,36
683,0,0,1,0,1,0,1,39
1596,0,1,0,0,1,0,1,56
315,0,1,0,0,1,0,0,31
178,1,0,0,0,1,0,1,33
641,0,1,0,0,0,1,1,36
1269,1,0,0,0,1,0,0,29
944,1,0,0,0,1,0,0,27
448,0,1,0,0,1,0,1,21
468,1,0,0,0,1,0,1,38
784,1,0,0,0,1,0,1,57
434,1,0,0,0,1,0,1,43
409,0,0,1,0,1,0,1,26
1977,1,0,0,0,0,1,1,27
804,0,0,1,0,1,0,1,25
402,0,0,1,0,1,0,0,25
278,1,0,0,0,1,0,1,37
319,0,1,0,0,1,0,1,49
381,1,0,0,0,1,0,1,46
1139,1,0,0,0,1,0,0,25
394,1,0,0,0,1,0,1,28
863,0,1,0,0,1,0,1,35
327,1,0,0,0,1,0,0,38
509,1,0,0,0,1,0,1,23
313,0,1,0,0,1,0,1,43
521,0,1,0,0,1,0,1,51
525,1,0,0,0,1,0,1,49
518,1,0,0,0,1,0,1,49
181,0,1,0,0,1,0,1,23
583,1,0,0,0,1,0,1,23
348,1,0,0,0,1,0,1,44
1187,0,0,1,0,1,0,0,21
568,0,1,0,0,1,0,0,23
467,0,1,0,0,1,0,0,24
850,0,1,0,0,0,1,0,25
345,0,1,0,0,1,0,1,59
1169,0,1,0,0,1,0,1,57
876,0,1,0,0,0,1,1,36
535,1,0,0,0,1,0,1,41
1111,0,1,0,0,0,1,1,36
135,1,0,0,0,1,0,1,23
960,0,0,1,0,0,1,1,30
324,0,1,0,0,1,0,1,59
1274,0,0,1,0,1,0,1,29
625,0,0,1,0,0,1,1,24
188,0,1,0,0,1,0,1,57
166,0,1,0,0,1,0,0,25
370,1,0,0,0,1,0,0,53
976,0,0,0,1,1,0,1,31
469,1,0,0,0,1,0,0,37
691,0,0,1,0,1,0,0,31
150,0,0,1,0,1,0,1,29
290,0,1,0,0,1,0,1,35
513,1,0,0,0,0,1,1,40
405,0,1,0,0,1,0,0,24
320,1,0,0,0,1,0,1,45
329,1,0,0,0,1,0,1,35
474,1,0,0,0,1,0,1,38
329,0,0,1,0,1,0,1,29
898,0,1,0,0,1,0,0,47
550,1,0,0,0,1,0,1,31
886,0,1,0,0,0,1,1,30
1630,1,0,0,0,1,0,1,42
757,1,0,0,0,1,0,0,47
1178,1,0,0,0,1,0,0,56
879,0,1,0,0,1,0,1,45
684,0,1,0,0,1,0,1,32
1503,1,0,0,0,0,1,1,22
683,0,1,0,0,1,0,1,47
1088,0,0,1,0,0,1,1,25
661,0,1,0,0,1,0,1,33
315,0,0,1,0,1,0,1,47
352,1,0,0,0,1,0,1,26
225,1,0,0,0,1,0,1,25
1190,1,0,0,0,1,0,1,26
1454,1,0,0,0,1,0,1,29
353,1,0,0,0,1,0,1,29
506,0,0,1,0,0,1,1,24
1320,0,1,0,0,0,1,0,40
693,1,0,0,0,1,0,1,42
456,0,0,1,0,1,0,1,25
443,0,0,1,0,1,0,1,58
1258,0,1,0,0,0,1,0,31
660,0,1,0,0,1,0,1,41
117,0,1,0,0,1,0,0,44
406,0,1,0,0,0,1,0,54
263,0,1,0,0,1,0,1,51
1237,0,0,1,0,1,0,0,30
192,1,0,0,0,1,0,1,26
651,1,0,0,0,1,0,1,38
915,0,1,0,0,0,1,1,37
1029,0,1,0,0,0,1,0,26
1130,0,1,0,0,0,1,1,32
632,0,0,0,1,1,0,1,30
255,0,1,0,0,0,1,1,29
339,1,0,0,0,1,0,1,52
554,1,0,0,0,1,0,1,48
1148,0,0,1,0,1,0,1,30
456,0,1,0,0,1,0,1,21
751,0,0,1,0,1,0,1,36
331,0,1,0,0,1,0,1,54
1873,0,1,0,0,0,1,0,24
715,0,1,0,0,0,1,1,28
428,1,0,0,0,1,0,0,25
473,0,1,0,0,1,0,1,29
874,1,0,0,0,1,0,0,22
1798,1,0,0,0,1,0,0,23
420,0,0,1,0,1,0,1,26
1672,1,0,0,0,1,0,0,44
713,0,0,1,0,1,0,1,29
871,1,0,0,0,0,1,0,20
3,0,1,0,0,1,0,1,25
1454,0,1,0,0,1,0,1,28
809,0,1,0,0,1,0,0,60
217,0,0,0,1,1,0,1,25
500,1,0,0,0,0,1,1,26
288,1,0,0,0,1,0,1,29
660,1,0,0,0,0,1,1,33
595,0,1,0,0,0,1,1,35
1243,0,1,0,0,0,1,1,42
883,0,0,1,0,1,0,0,60
383,0,0,1,0,1,0,1,18
809,0,1,0,0,1,0,1,45
1004,0,1,0,0,1,0,0,37
1077,0,1,0,0,1,0,1,46
620,0,1,0,0,1,0,0,28
1387,0,1,0,0,1,0,1,41
795,0,0,1,0,1,0,1,27
937,0,1,0,0,1,0,0,27
216,1,0,0,0,1,0,1,61
405,1,0,0,0,1,0,1,44
696,0,1,0,0,0,1,0,39
660,0,1,0,0,1,0,0,24
471,1,0,0,0,1,0,1,24
720,0,1,0,0,1,0,1,26
136,1,0,0,0,1,0,1,65
404,0,1,0,0,1,0,1,25
393,0,0,1,0,1,0,1,44
659,1,0,0,0,1,0,1,31
791,0,1,0,0,0,1,0,26
1003,0,0,1,0,1,0,0,28
854,0,1,0,0,1,0,1,32
716,0,1,0,0,1,0,1,27
939,0,1,0,0,1,0,0,33
840,0,0,1,0,0,1,1,23
545,0,0,1,0,1,0,0,28
293,0,1,0,0,0,1,1,29
1048,0,0,1,0,1,0,0,24
499,1,0,0,0,1,0,1,25
1310,0,1,0,0,0,1,0,56
177,0,1,0,0,1,0,1,21
820,0,1,0,0,0,1,1,60
6,0,0,1,0,1,0,1,29
1752,0,1,0,0,0,1,1,29
1554,0,1,0,0,1,0,1,33
1768,1,0,0,0,1,0,0,26
463,0,1,0,0,1,0,1,28
590,1,0,0,0,1,0,1,23
180,0,1,0,0,1,0,1,50
582,1,0,0,0,1,0,0,46
799,1,0,0,0,1,0,0,39
601,0,0,1,0,1,0,1,30
607,1,0,0,0,1,0,0,39
514,0,1,0,0,1,0,1,38
392,0,0,1,0,1,0,1,23
459,0,0,1,0,1,0,1,26
309,1,0,0,0,1,0,1,50
681,1,0,0,0,1,0,0,29
626,1,0,0,0,1,0,1,33
2071,0,1,0,0,1,0,1,34
396,0,1,0,0,1,0,1,53
1472,1,0,0,0,1,0,1,28
569,1,0,0,0,1,0,1,26
796,0,0,1,0,1,0,1,36
402,1,0,0,0,1,0,1,50
252,0,1,0,0,1,0,1,38
832,0,0,1,0,1,0,1,32
398,1,0,0,0,1,0,1,37
611,0,1,0,0,1,0,1,55
599,0,1,0,0,1,0,1,42
412,0,0,1,0,0,1,0,30
192,0,1,0,0,1,0,1,37
384,0,1,0,0,1,0,1,28
1119,0,0,1,0,1,0,1,26
361,0,0,1,0,1,0,0,25
606,1,0,0,0,1,0,1,52
402,0,0,1,0,1,0,0,31
651,0,1,0,0,1,0,0,50
1141,0,0,1,0,0,1,1,43
424,1,0,0,0,1,0,1,35
275,1,0,0,0,1,0,0,54
312,0,1,0,0,1,0,1,25
737,1,0,0,0,1,0,0,35
298,0,1,0,0,1,0,1,66
1310,0,1,0,0,1,0,1,45
1338,1,0,0,0,0,1,1,49
388,1,0,0,0,1,0,0,58
104,0,0,1,0,1,0,1,48
291,0,0,1,0,1,0,0,25
1745,0,0,1,0,0,1,1,26
464,0,1,0,0,1,0,1,40
1134,0,0,1,0,1,0,1,55
692,0,1,0,0,1,0,0,35
527,1,0,0,0,1,0,0,27
1040,0,1,0,0,1,0,1,25
579,0,1,0,0,1,0,1,37
242,1,0,0,0,1,0,1,38
515,0,0,1,0,1,0,1,31
411,0,1,0,0,1,0,1,36
891,0,1,0,0,1,0,0,25
253,0,1,0,0,1,0,0,55
872,1,0,0,0,1,0,0,34
661,1,0,0,0,0,1,0,28
370,1,0,0,0,1,0,1,35
482,0,0,1,0,1,0,1,29
406,0,0,1,0,1,0,1,37
668,1,0,0,0,1,0,1,38
182,1,0,0,0,0,1,1,18
402,0,1,0,0,1,0,1,37
30,0,1,0,0,1,0,0,34
569,0,1,0,0,1,0,1,44
669,0,1,0,0,1,0,1,31
537,0,1,0,0,0,1,0,44
500,0,1,0,0,1,0,1,33
618,0,0,1,0,0,1,1,34
4,0,1,0,0,1,0,1,36
1130,1,0,0,0,1,0,0,30
616,1,0,0,0,1,0,1,51
655,0,0,1,0,1,0,1,31
205,0,1,0,0,0,1,1,26
1231,0,1,0,0,0,1,1,29
419,1,0,0,0,1,0,1,53
475,1,0,0,0,1,0,1,27
319,1,0,0,0,1,0,1,33
425,0,1,0,0,0,1,0,27
773,0,0,1,0,1,0,0,32
1094,1,0,0,0,1,0,1,24
1059,0,1,0,0,1,0,1,50
518,0,1,0,0,0,1,1,38
457,0,1,0,0,1,0,1,53
481,0,1,0,0,1,0,1,58
293,0,1,0,0,1,0,0,25
850,1,0,0,0,0,1,1,42
285,0,1,0,0,1,0,1,44
503,0,0,1,0,0,1,0,24
482,0,1,0,0,1,0,1,44
581,0,1,0,0,1,0,1,25
864,0,1,0,0,1,0,0,35
592,0,1,0,0,1,0,1,49
486,0,1,0,0,1,0,0,54
282,0,0,1,0,0,1,0,27
355,0,1,0,0,1,0,0,52
337,0,1,0,0,0,1,1,23
378,0,0,1,0,1,0,1,25
741,0,0,0,1,1,0,0,23
206,1,0,0,0,1,0,1,25
381,1,0,0,0,1,0,0,58
393,1,0,0,0,1,0,1,53
204,0,0,1,0,1,0,1,24
1484,0,1,0,0,1,0,1,29
1008,0,1,0,0,1,0,1,26
776,0,1,0,0,0,1,0,25
927,0,1,0,0,0,1,1,33
220,0,1,0,0,1,0,1,31
418,0,0,1,0,1,0,1,35
601,0,0,1,0,1,0,1,47
883,1,0,0,0,0,1,0,25
467,1,0,0,0,1,0,1,43
1355,0,1,0,0,1,0,1,29
207,1,0,0,0,1,0,1,28
832,0,1,0,0,1,0,1,22
396,0,0,1,0,1,0,1,32
344,0,0,1,0,1,0,1,28
670,1,0,0,0,1,0,1,26
243,0,0,1,0,0,1,1,24
479,0,0,1,0,0,1,0,35
986,0,0,1,0,1,0,1,21
704,0,1,0,0,1,0,1,27
337,0,0,1,0,0,1,1,29
563,1,0,0,0,1,0,0,48
757,0,0,1,0,0,1,1,30
317,1,0,0,0,1,0,0,26
689,0,0,1,0,1,0,1,31
156,1,0,0,0,1,0,1,32
578,0,1,0,0,1,0,1,29
1013,1,0,0,0,1,0,1,25
668,1,0,0,0,1,0,1,37
765,0,0,1,0,0,1,0,24
529,0,1,0,0,1,0,1,37
727,0,1,0,0,1,0,0,34
1922,0,1,0,0,1,0,1,39
294,0,1,0,0,1,0,1,32
313,0,0,1,0,1,0,0,30
505,0,0,1,0,0,1,1,25
1156,0,1,0,0,1,0,1,25
507,1,0,0,0,1,0,1,40
411,0,0,1,0,1,0,1,29
1334,0,0,1,0,1,0,1,35
528,0,1,0,0,1,0,1,50
364,1,0,0,0,1,0,0,21
535,1,0,0,0,1,0,1,24
602,0,1,0,0,1,0,0,47
352,1,0,0,0,1,0,1,49
209,1,0,0,0,1,0,1,41
541,0,1,0,0,1,0,1,33
274,0,1,0,0,1,0,1,38
924,0,1,0,0,1,0,1,55
770,0,1,0,0,1,0,0,56
311,1,0,0,0,1,0,1,40
583,1,0,0,0,1,0,0,31
1267,1,0,0,0,0,1,0,28
567,1,0,0,0,1,0,1,35
285,0,1,0,0,1,0,1,38
334,0,1,0,0,1,0,1,52
288,0,0,1,0,1,0,1,29
480,0,0,1,0,1,0,0,35
413,1,0,0,0,1,0,1,26
468,0,0,1,0,1,0,1,34
918,1,0,0,0,1,0,1,30
497,0,0,1,0,1,0,0,26
368,0,0,1,0,1,0,1,26
235,0,0,1,0,1,0,1,29
540,0,1,0,0,1,0,1,43
377,0,1,0,0,1,0,0,29
817,0,0,0,1,1,0,1,26
853,0,0,1,0,1,0,1,50
430,1,0,0,0,1,0,1,26
871,0,1,0,0,0,1,0,65
762,0,1,0,0,1,0,1,45
636,0,0,1,0,0,1,1,22
1201,1,0,0,0,1,0,1,29
543,0,1,0,0,1,0,1,25
298,1,0,0,0,1,0,1,65
563,0,1,0,0,0,1,0,27
358,0,0,1,0,1,0,1,24
231,1,0,0,0,1,0,1,50
358,0,0,1,0,1,0,1,31
187,0,0,1,0,1,0,1,25
559,1,0,0,0,1,0,0,31
1039,1,0,0,0,1,0,1,27
838,0,0,1,0,1,0,1,27
1236,0,1,0,0,0,1,1,60
311,1,0,0,0,1,0,1,31
46777,0,0,1,0,1,0,1,38
627,1,0,0,0,0,1,1,26
727,1,0,0,0,1,0,1,48
423,0,1,0,0,0,1,1,27
342,1,0,0,0,1,0,1,54
1040,0,0,1,0,1,0,1,32
364,0,0,1,0,1,0,1,27
588,0,0,0,1,1,0,1,29
603,1,0,0,0,1,0,0,38
817,1,0,0,0,0,1,1,31
983,0,0,1,0,1,0,1,25
510,1,0,0,0,1,0,0,25
590,1,0,0,0,1,0,0,25
124,1,0,0,0,1,0,1,35
556,0,1,0,0,1,0,1,39
800,0,0,1,0,1,0,1,60
563,0,1,0,0,1,0,1,62
689,0,1,0,0,1,0,0,32
523,0,0,1,0,1,0,1,42
1258,0,1,0,0,1,0,0,40
755,0,1,0,0,1,0,1,40
346,1,0,0,0,1,0,1,35
204,1,0,0,0,1,0,1,20
279,0,0,0,1,0,1,0,22
454,0,1,0,0,1,0,1,38
1352,1,0,0,0,1,0,1,36
1199,0,1,0,0,1,0,1,29
311,0,0,1,0,0,1,1,29
461,1,0,0,0,1,0,1,18
487,0,0,1,0,1,0,1,37
840,0,0,1,0,0,1,0,26
2711,0,1,0,0,1,0,1,38
651,1,0,0,0,1,0,1,55
600,0,1,0,0,0,1,1,39
662,0,1,0,0,1,0,1,45
334,0,0,1,0,1,0,1,24
412,1,0,0,0,1,0,0,24
891,1,0,0,0,1,0,1,51
630,1,0,0,0,1,0,1,36
1141,1,0,0,0,1,0,1,26
1562,0,1,0,0,1,0,1,65
309,0,1,0,0,1,0,1,44
958,1,0,0,0,0,1,1,25
428,1,0,0,0,1,0,1,41
583,1,0,0,0,1,0,0,26
331,0,1,0,0,0,1,0,24
645,0,1,0,0,0,1,1,29
258,1,0,0,0,1,0,0,35
857,0,0,1,0,1,0,1,23
590,1,0,0,0,1,0,1,40
678,1,0,0,0,1,0,1,38
330,1,0,0,0,1,0,1,30
355,0,1,0,0,1,0,1,31
262,1,0,0,0,1,0,1,41
397,0,0,0,1,1,0,1,28
302,0,0,1,0,1,0,1,25
1083,1,0,0,0,1,0,0,30
415,0,1,0,0,1,0,1,31
345,0,0,1,0,1,0,0,34
687,0,1,0,0,1,0,0,39
390,1,0,0,0,1,0,1,25
294,1,0,0,0,1,0,1,29
523,0,0,1,0,1,0,1,42
1063,1,0,0,0,0,1,0,31
868,1,0,0,0,1,0,0,37
1200,0,1,0,0,1,0,0,35
175,1,0,0,0,1,0,1,24
417,0,1,0,0,0,1,1,32
284,1,0,0,0,1,0,1,24
578,0,1,0,0,1,0,1,55
1240,0,0,1,0,1,0,0,53
349,0,1,0,0,1,0,1,53
1010,1,0,0,0,1,0,1,28
737,1,0,0,0,1,0,1,31
503,0,1,0,0,0,1,1,25
283,1,0,0,0,1,0,0,45
283,0,1,0,0,0,1,1,46
684,0,1,0,0,1,0,1,29
719,0,0,0,1,1,0,1,27
241,0,1,0,0,1,0,1,55
261,0,0,1,0,1,0,1,28
579,0,1,0,0,1,0,0,30
379,0,1,0,0,1,0,1,37
1065,0,1,0,0,0,1,1,59
865,0,0,1,0,0,1,1,29
283,1,0,0,0,1,0,1,26
773,0,1,0,0,1,0,1,37
506,1,0,0,0,1,0,1,33
878,0,1,0,0,1,0,1,60
523,0,0,1,0,1,0,1,42
458,0,0,1,0,1,0,0,52
1090,0,1,0,0,1,0,1,36
315,0,0,0,1,1,0,1,23
1430,0,1,0,0,1,0,1,29
557,0,1,0,0,1,0,1,55
261,1,0,0,0,1,0,0,41
469,0,1,0,0,1,0,1,27
1295,1,0,0,0,1,0,1,28
365,0,1,0,0,1,0,1,24
743,1,0,0,0,1,0,1,39
586,0,1,0,0,1,0,0,35
439,1,0,0,0,1,0,1,37
1071,0,1,0,0,1,0,1,50
1398,1,0,0,0,1,0,1,46
600,0,0,1,0,0,1,0,32
233,0,0,1,0,1,0,1,33
320,0,0,0,1,1,0,1,30
368,0,1,0,0,1,0,1,29
829,1,0,0,0,1,0,1,30
537,0,1,0,0,1,0,0,53
1016,1,0,0,0,1,0,1,56
463,0,0,1,0,0,1,1,27
1050,0,1,0,0,1,0,1,25
322,1,0,0,0,1,0,1,40
989,0,0,1,0,0,1,1,26
619,0,0,1,0,0,1,0,22
280,1,0,0,0,1,0,0,30
255,0,0,1,0,1,0,0,31
473,0,1,0,0,1,0,0,48
1079,0,0,1,0,1,0,0,25
448,1,0,0,0,1,0,1,49
570,0,1,0,0,1,0,1,36
215,1,0,0,0,1,0,1,36
592,0,0,1,0,1,0,1,42
427,1,0,0,0,1,0,1,41
605,1,0,0,0,0,1,0,29
498,1,0,0,0,0,1,1,27
1016,0,0,1,0,1,0,1,31
327,0,0,1,0,1,0,1,49
1331,1,0,0,0,1,0,1,55
1670,1,0,0,0,0,1,0,51
646,1,0,0,0,1,0,1,26
857,1,0,0,0,1,0,1,38
704,1,0,0,0,0,1,1,37
340,0,1,0,0,1,0,1,41
607,0,1,0,0,1,0,1,22
1243,1,0,0,0,1,0,1,42
299,1,0,0,0,1,0,0,58
464,0,1,0,0,1,0,1,39
395,1,0,0,0,1,0,1,29
365,1,0,0,0,1,0,1,28
283,0,0,1,0,0,1,1,24
240,0,1,0,0,1,0,0,27
1335,0,1,0,0,1,0,1,28
1753,0,1,0,0,1,0,1,27
493,0,0,1,0,1,0,1,28
711,1,0,0,0,1,0,1,37
412,0,0,0,1,1,0,0,21
2195,0,1,0,0,1,0,0,27
225,0,1,0,0,1,0,0,22
732,0,1,0,0,1,0,0,53
496,0,1,0,0,1,0,1,51
671,1,0,0,0,1,0,1,28
367,0,1,0,0,1,0,0,30
532,0,0,1,0,1,0,1,31
625,0,1,0,0,1,0,1,46
949,0,1,0,0,1,0,0,44
195,0,1,0,0,0,1,0,33
944,0,1,0,0,1,0,0,40
660,0,0,1,0,1,0,1,49
929,0,1,0,0,1,0,1,43
278,1,0,0,0,1,0,1,33
730,0,0,1,0,0,1,0,24
193,0,0,1,0,1,0,1,51
808,1,0,0,0,1,0,1,51
572,1,0,0,0,0,1,0,30
545,0,0,1,0,1,0,0,33
411,0,0,1,0,1,0,0,29
386,1,0,0,0,1,0,1,35
207,0,1,0,0,0,1,1,35
539,1,0,0,0,0,1,0,26
190,0,0,1,0,1,0,1,26
440,0,1,0,0,1,0,0,60
715,0,0,1,0,1,0,1,25
630,1,0,0,0,1,0,1,41
424,0,1,0,0,0,1,1,29
334,0,1,0,0,1,0,1,21
613,1,0,0,0,0,1,1,45
811,0,0,1,0,1,0,1,24
1043,0,0,1,0,1,0,1,48
328,0,1,0,0,1,0,1,40
244,1,0,0,0,1,0,0,26
213,0,1,0,0,1,0,0,31
690,0,0,1,0,1,0,1,33
899,0,0,0,1,1,0,1,29
516,1,0,0,0,1,0,1,49
327,0,1,0,0,1,0,0,50
796,1,0,0,0,1,0,1,62
374,0,1,0,0,1,0,1,45
702,0,0,1,0,1,0,1,37
134,0,1,0,0,1,0,1,35
538,1,0,0,0,1,0,1,59
1109,0,0,1,0,1,0,1,28
979,1,0,0,0,1,0,1,45
509,1,0,0,0,1,0,1,29
461,0,0,1,0,1,0,1,30
1575,1,0,0,0,0,1,0,30
612,0,1,0,0,1,0,0,27
195,0,0,1,0,1,0,1,31
1234,0,0,0,1,0,1,1,25
382,0,1,0,0,1,0,1,32
220,0,0,1,0,1,0,1,32
296,0,1,0,0,1,0,1,34
1011,0,1,0,0,0,1,1,32
572,0,0,1,0,0,1,1,35
401,0,1,0,0,0,1,1,35
363,0,1,0,0,0,1,1,28
723,0,0,1,0,1,0,1,39
130,0,1,0,0,0,1,1,44
360,1,0,0,0,1,0,0,22
721,0,1,0,0,1,0,0,47
292,0,0,1,0,0,1,1,18
726,0,0,1,0,1,0,0,28
500,0,0,1,0,1,0,0,22
407,0,1,0,0,1,0,1,25
292,0,1,0,0,0,1,1,22
1293,0,1,0,0,1,0,1,61
759,0,1,0,0,1,0,1,52
804,0,0,1,0,1,0,0,26
546,0,1,0,0,1,0,1,21
568,0,1,0,0,0,1,1,26
327,1,0,0,0,1,0,1,59
387,0,1,0,0,1,0,1,36
3092,1,0,0,0,1,0,0,35
217,1,0,0,0,1,0,1,43
132,0,1,0,0,1,0,1,37
235,1,0,0,0,1,0,1,36
1121,0,1,0,0,1,0,0,41
771,1,0,0,0,0,1,1,41
615,0,0,0,1,1,0,1,34
815,1,0,0,0,1,0,1,29
1242,0,1,0,0,1,0,0,25
322,0,0,1,0,1,0,1,60
304,1,0,0,0,1,0,1,32
486,0,0,1,0,1,0,1,29
1040,0,1,0,0,1,0,1,42
219,0,0,1,0,1,0,1,33
1335,0,1,0,0,0,1,0,20
411,0,1,0,0,1,0,1,52
231,0,1,0,0,1,0,1,26
291,0,1,0,0,1,0,1,35
1120,0,0,1,0,1,0,1,26
1051,0,0,1,0,0,1,1,25
858,0,1,0,0,1,0,1,30
507,1,0,0,0,1,0,0,25
544,1,0,0,0,1,0,1,31
195,0,0,1,0,1,0,1,41
542,0,0,1,0,0,1,0,20
306,0,1,0,0,1,0,1,41
393,0,1,0,0,1,0,1,41
742,1,0,0,0,1,0,1,48
1120,0,0,1,0,1,0,1,46
442,1,0,0,0,1,0,1,45
440,1,0,0,0,1,0,1,38
647,1,0,0,0,0,1,1,25
804,0,1,0,0,1,0,1,25
866,1,0,0,0,1,0,0,32
2505,0,0,1,0,1,0,1,39
1202,0,1,0,0,0,1,1,30
567,1,0,0,0,1,0,0,33
521,0,1,0,0,1,0,1,25
335,1,0,0,0,1,0,1,34
196,0,0,1,0,1,0,0,29
1371,0,1,0,0,1,0,1,26
581,0,0,1,0,1,0,1,33
218,0,1,0,0,1,0,1,32
585,0,0,1,0,0,1,1,33
1056,0,0,1,0,1,0,1,33
562,0,1,0,0,1,0,1,42
167,0,1,0,0,1,0,0,30
373,0,1,0,0,1,0,1,32
714,0,1,0,0,1,0,1,41
1185,1,0,0,0,1,0,0,24
575,1,0,0,0,1,0,0,31
968,0,0,1,0,1,0,1,23
437,0,1,0,0,0,1,1,27
414,0,1,0,0,1,0,1,32
451,1,0,0,0,1,0,0,54
358,0,0,1,0,1,0,1,46
549,0,0,1,0,1,0,1,57
1262,0,1,0,0,1,0,1,29
647,1,0,0,0,1,0,1,23
2326,1,0,0,0,1,0,0,58
957,0,0,1,0,1,0,0,38
223,0,1,0,0,1,0,1,31
838,0,1,0,0,1,0,1,33
1269,0,1,0,0,0,1,1,23
367,0,0,1,0,1,0,1,29
535,0,1,0,0,1,0,0,42
351,1,0,0,0,1,0,1,45
948,1,0,0,0,1,0,1,34
446,0,1,0,0,1,0,1,18
483,0,0,1,0,1,0,0,38
399,1,0,0,0,1,0,1,39
1396,1,0,0,0,1,0,1,49
260,1,0,0,0,1,0,0,28
396,0,1,0,0,1,0,0,25
895,0,1,0,0,1,0,0,24
896,0,1,0,0,1,0,1,23
643,0,0,1,0,1,0,0,27
702,0,1,0,0,1,0,1,34
929,0,0,1,0,1,0,1,65
468,0,0,1,0,1,0,0,28
390,0,1,0,0,1,0,0,38
1032,1,0,0,0,1,0,0,43
1921,1,0,0,0,0,1,1,38
324,0,1,0,0,1,0,1,59
48,1,0,0,0,1,0,1,51
350,1,0,0,0,1,0,0,55
957,0,0,1,0,1,0,1,25
550,0,1,0,0,0,1,1,36
542,0,1,0,0,1,0,1,33
1505,0,0,1,0,1,0,0,31
445,0,1,0,0,1,0,1,21
453,0,0,1,0,1,0,1,29
944,0,0,1,0,1,0,1,36
958,0,1,0,0,1,0,0,27
394,1,0,0,0,1,0,1,34
728,1,0,0,0,1,0,1,28
635,1,0,0,0,1,0,1,31
144,1,0,0,0,1,0,1,60
1406,0,1,0,0,1,0,1,33
479,0,0,1,0,1,0,1,34
777,0,1,0,0,1,0,1,42
710,1,0,0,0,1,0,1,27
356,0,0,1,0,1,0,1,30
658,1,0,0,0,1,0,1,41
365,0,1,0,0,0,1,1,43
369,1,0,0,0,1,0,0,57
225,0,1,0,0,1,0,1,30
3863,0,0,1,0,1,0,1,27
1209,0,1,0,0,1,0,1,57
201,0,1,0,0,1,0,1,36
633,1,0,0,0,0,1,1,72
528,0,0,1,0,1,0,1,51
1468,0,1,0,0,0,1,0,25
619,0,1,0,0,1,0,0,45
266,0,0,1,0,0,1,1,38
738,0,1,0,0,1,0,1,22
357,0,0,0,1,0,1,1,26
272,1,0,0,0,1,0,0,54
443,1,0,0,0,1,0,1,29
272,0,0,1,0,0,1,1,51
1556,1,0,0,0,1,0,1,58
886,1,0,0,0,1,0,0,35
105,0,0,1,0,1,0,1,25
332,0,1,0,0,1,0,1,29
832,1,0,0,0,1,0,0,29
14,1,0,0,0,1,0,1,25
181,0,1,0,0,1,0,1,40
218,0,0,1,0,1,0,1,35
279,1,0,0,0,1,0,1,25
181,0,1,0,0,1,0,1,35
132,0,1,0,0,1,0,0,35
383,0,1,0,0,1,0,1,37
583,0,0,1,0,1,0,0,30
1150,0,1,0,0,0,1,1,29
475,0,1,0,0,1,0,1,34
771,0,1,0,0,1,0,0,42
552,0,0,0,1,1,0,1,25
210,1,0,0,0,1,0,1,46
733,1,0,0,0,1,0,1,27
402,0,0,0,1,1,0,1,23
557,1,0,0,0,1,0,1,42
592,0,0,1,0,1,0,0,60
334,1,0,0,0,1,0,0,34
579,0,0,1,0,1,0,0,25
35,0,0,1,0,0,1,1,30
343,0,1,0,0,1,0,1,54
244,0,0,1,0,1,0,1,54
516,1,0,0,0,0,1,1,28
498,1,0,0,0,1,0,1,32
858,0,0,1,0,0,1,1,30
934,0,1,0,0,1,0,1,60
530,1,0,0,0,1,0,0,63
415,0,0,1,0,1,0,1,27
394,0,1,0,0,1,0,1,20
753,1,0,0,0,1,0,1,45
245,0,1,0,0,0,1,1,23
1097,0,1,0,0,0,1,1,45
1277,0,1,0,0,1,0,0,47
150,0,1,0,0,1,0,1,37
625,1,0,0,0,1,0,1,32
488,0,1,0,0,0,1,1,28
829,0,0,1,0,1,0,1,24
282,0,1,0,0,1,0,1,40
1113,1,0,0,0,1,0,1,31
1007,0,1,0,0,0,1,1,30
819,0,1,0,0,1,0,0,21
214,0,1,0,0,1,0,1,55
237,0,0,1,0,1,0,0,23
129,1,0,0,0,1,0,1,28
823,0,1,0,0,1,0,0,24
338,0,1,0,0,1,0,1,26
162,1,0,0,0,1,0,1,62
403,0,0,1,0,1,0,0,36
351,0,1,0,0,1,0,1,43
229,1,0,0,0,1,0,1,18
1247,0,0,1,0,1,0,1,23
629,0,1,0,0,1,0,1,44
449,1,0,0,0,1,0,1,33
916,1,0,0,0,1,0,0,32
514,0,0,1,0,1,0,1,49
446,0,1,0,0,1,0,1,28
294,1,0,0,0,1,0,0,22
670,0,1,0,0,1,0,1,52
171,0,0,1,0,1,0,1,45
382,0,1,0,0,1,0,0,23
439,0,1,0,0,1,0,1,46
271,0,0,1,0,1,0,1,36
649,1,0,0,0,1,0,0,21
205,0,1,0,0,1,0,1,32
1790,0,1,0,0,0,1,1,29
921,1,0,0,0,1,0,1,37
374,1,0,0,0,1,0,1,29
639,0,1,0,0,1,0,1,23
321,0,1,0,0,1,0,0,41
482,0,1,0,0,1,0,1,51
405,0,0,1,0,1,0,1,28
1041,0,1,0,0,0,1,1,36
348,0,1,0,0,0,1,1,25
640,1,0,0,0,0,1,1,31
211,1,0,0,0,1,0,1,30
250,0,1,0,0,1,0,1,33
2361,1,0,0,0,1,0,1,31
923,0,0,1,0,0,1,0,27
685,0,1,0,0,0,1,0,27
281,0,1,0,0,0,1,1,27
397,1,0,0,0,0,1,1,32
486,0,1,0,0,1,0,0,37
1825,0,1,0,0,1,0,1,59
751,0,1,0,0,1,0,0,46
875,1,0,0,0,1,0,1,56
1079,0,0,1,0,1,0,1,23
409,1,0,0,0,1,0,1,32
356,1,0,0,0,1,0,1,25
284,0,1,0,0,1,0,1,44
667,0,1,0,0,1,0,1,32
575,1,0,0,0,1,0,1,29
628,1,0,0,0,1,0,1,30
816,0,0,1,0,1,0,1,32
355,1,0,0,0,1,0,0,29
852,1,0,0,0,1,0,1,31
459,0,0,1,0,1,0,1,52
630,0,0,1,0,1,0,1,36
681,0,1,0,0,1,0,1,34
1456,0,0,1,0,1,0,1,36
196,0,0,1,0,1,0,1,36
409,1,0,0,0,1,0,1,42
1078,1,0,0,0,1,0,1,28
1178,1,0,0,0,1,0,1,32
314,0,1,0,0,1,0,1,60
454,1,0,0,0,1,0,1,21
655,0,0,1,0,1,0,1,41
560,0,0,1,0,0,1,1,19
482,1,0,0,0,1,0,1,50
421,0,1,0,0,1,0,1,50
226,0,1,0,0,1,0,1,31
750,0,1,0,0,1,0,0,33
629,0,1,0,0,1,0,1,59
177,1,0,0,0,1,0,1,29
276,1,0,0,0,1,0,1,42
2006,0,0,0,1,1,0,1,22
331,1,0,0,0,1,0,0,35
92,0,1,0,0,0,1,1,25
349,1,0,0,0,1,0,1,59
432,1,0,0,0,0,1,1,29
194,0,1,0,0,1,0,1,59
1354,0,0,1,0,1,0,1,46
326,0,1,0,0,1,0,0,57
283,0,1,0,0,1,0,1,54
840,1,0,0,0,1,0,1,65
1291,1,0,0,0,1,0,0,43
142,1,0,0,0,1,0,1,25
1064,1,0,0,0,1,0,1,24
414,1,0,0,0,1,0,1,42
314,0,1,0,0,0,1,1,39
1181,0,1,0,0,1,0,1,37
1740,1,0,0,0,1,0,1,23
323,0,0,1,0,1,0,1,32
1099,0,0,1,0,1,0,0,53
870,0,0,0,1,1,0,1,27
492,1,0,0,0,1,0,1,37
456,0,1,0,0,1,0,1,21
564,0,1,0,0,1,0,1,22
396,0,1,0,0,1,0,1,43
768,0,0,1,0,1,0,1,61
1311,1,0,0,0,1,0,0,56
225,0,0,1,0,1,0,1,31
649,0,0,1,0,0,1,1,37
671,1,0,0,0,1,0,1,51
534,0,0,1,0,0,1,1,29
449,0,1,0,0,1,0,0,33
85,0,1,0,0,1,0,1,39
224,0,1,0,0,1,0,1,37
1558,0,1,0,0,0,1,1,49
588,0,0,0,1,1,0,1,22
1524,1,0,0,0,1,0,0,55
367,0,1,0,0,1,0,1,26
1365,0,0,1,0,0,1,1,27
231,0,0,1,0,1,0,1,31
637,0,1,0,0,1,0,1,55
747,1,0,0,0,1,0,1,52
617,0,1,0,0,1,0,1,61
1197,0,1,0,0,1,0,0,26
144,0,0,1,0,0,1,1,33
1438,0,0,1,0,1,0,0,22
278,0,1,0,0,0,1,1,29
407,0,0,1,0,1,0,1,31
581,0,1,0,0,0,1,1,27
498,0,1,0,0,1,0,1,28
883,0,1,0,0,1,0,1,35
381,0,1,0,0,1,0,1,50
429,0,1,0,0,1,0,1,36
453,0,1,0,0,0,1,1,34
1080,0,1,0,0,0,1,1,53
563,1,0,0,0,1,0,1,43
150,0,0,1,0,1,0,1,39
262,0,1,0,0,1,0,1,33
1500,1,0,0,0,1,0,1,41
441,0,1,0,0,1,0,0,55
1399,0,1,0,0,1,0,0,42
191,0,1,0,0,1,0,1,47
348,0,1,0,0,1,0,1,24
384,0,1,0,0,0,1,0,26
427,0,1,0,0,1,0,0,49
494,0,0,1,0,0,1,0,23
373,1,0,0,0,1,0,0,23
552,1,0,0,0,1,0,1,28
730,0,0,1,0,1,0,1,37
374,1,0,0,0,1,0,1,57
1118,0,1,0,0,1,0,1,27
392,0,1,0,0,1,0,1,25
756,0,1,0,0,1,0,1,53
622,0,0,1,0,1,0,1,25
299,0,0,1,0,1,0,1,35
1420,0,1,0,0,1,0,1,32
444,1,0,0,0,1,0,1,26
215,0,1,0,0,1,0,1,20
226,1,0,0,0,1,0,1,32
735,0,0,1,0,1,0,1,36
415,1,0,0,0,1,0,1,58
171,0,1,0,0,1,0,1,31
1253,0,0,1,0,1,0,1,25
620,1,0,0,0,1,0,0,32
569,1,0,0,0,1,0,1,36
1742,1,0,0,0,1,0,1,28
146,0,0,1,0,0,1,0,22
978,0,0,0,1,1,0,0,26
724,0,1,0,0,1,0,1,59
1076,0,1,0,0,1,0,0,58
644,0,1,0,0,1,0,1,59
257,0,1,0,0,1,0,1,21
422,0,0,1,0,1,0,1,51
440,0,1,0,0,1,0,0,42
620,0,1,0,0,1,0,1,24
843,0,1,0,0,0,1,0,31
395,0,0,1,0,1,0,1,32
923,0,1,0,0,1,0,1,28
624,1,0,0,0,1,0,1,47
500,1,0,0,0,0,1,1,28
1059,0,1,0,0,1,0,1,27
358,1,0,0,0,1,0,1,36
360,0,1,0,0,1,0,1,31
1391,0,0,1,0,1,0,1,22
218,1,0,0,0,1,0,1,54
1638,0,1,0,0,1,0,1,56
418,0,0,1,0,1,0,1,24
1361,0,1,0,0,1,0,0,37
444,0,0,1,0,1,0,0,29
351,1,0,0,0,1,0,1,24
515,0,1,0,0,1,0,1,31
1579,0,1,0,0,1,0,0,58
242,0,0,1,0,1,0,1,44
180,1,0,0,0,1,0,1,46
1992,0,1,0,0,0,1,0,39
917,1,0,0,0,1,0,1,25
584,0,1,0,0,1,0,1,42
993,0,0,1,0,1,0,1,29
851,0,1,0,0,0,1,1,43
695,0,0,1,0,0,1,0,30
661,0,0,1,0,1,0,1,25
1029,1,0,0,0,1,0,0,28
608,0,0,1,0,1,0,1,26
749,0,0,1,0,1,0,1,24
824,0,1,0,0,0,1,1,27
692,0,0,1,0,1,0,1,21
939,0,0,1,0,1,0,0,27
267,1,0,0,0,0,1,1,49
476,0,0,1,0,1,0,1,26
791,1,0,0,0,1,0,1,55
874,0,0,1,0,1,0,1,52
1395,1,0,0,0,1,0,1,25
190,0,1,0,0,1,0,1,45
465,0,1,0,0,1,0,0,24
383,0,0,1,0,0,1,1,29
148,0,0,1,0,1,0,1,20
476,0,1,0,0,0,1,1,39
1251,1,0,0,0,1,0,0,23
1028,0,1,0,0,0,1,1,30
228,0,0,1,0,1,0,1,49
1500,1,0,0,0,1,0,0,34
307,1,0,0,0,1,0,1,51
505,0,1,0,0,1,0,0,19
345,1,0,0,0,1,0,0,55
493,0,1,0,0,0,1,0,33
2689,0,0,1,0,1,0,0,24
862,0,0,1,0,1,0,1,33
99,0,1,0,0,0,1,1,30
472,0,1,0,0,1,0,1,28
457,1,0,0,0,1,0,1,29
974,0,1,0,0,1,0,1,53
440,1,0,0,0,1,0,1,59
761,0,1,0,0,0,1,1,29
823,0,0,1,0,1,0,1,21
1366,0,0,1,0,1,0,1,43
877,1,0,0,0,1,0,1,66
1064,0,1,0,0,1,0,1,29
260,0,1,0,0,1,0,1,60
377,0,0,1,0,1,0,0,53
332,0,0,1,0,1,0,1,51
644,0,1,0,0,1,0,1,28
1279,1,0,0,0,1,0,0,23
472,0,1,0,0,1,0,1,41
319,1,0,0,0,1,0,1,21
311,0,1,0,0,1,0,1,25
1308,0,0,1,0,0,1,1,26
232,0,0,1,0,1,0,1,33
478,0,1,0,0,1,0,1,45
819,1,0,0,0,1,0,0,20
253,0,0,1,0,1,0,1,27
698,0,0,1,0,1,0,1,29
832,0,1,0,0,1,0,1,23
320,1,0,0,0,1,0,0,47
1008,0,1,0,0,0,1,0,29
674,0,1,0,0,1,0,1,31
505,0,1,0,0,1,0,1,23
576,1,0,0,0,1,0,0,52
985,0,0,1,0,0,1,1,24
424,0,1,0,0,1,0,1,33
272,0,1,0,0,1,0,1,57
883,1,0,0,0,1,0,1,23
1434,0,0,1,0,0,1,1,29
363,0,1,0,0,1,0,1,29
472,0,0,1,0,1,0,1,32
339,1,0,0,0,1,0,0,65
776,0,1,0,0,0,1,0,41
1197,0,0,1,0,0,1,0,27
291,0,1,0,0,0,1,1,28
832,0,0,1,0,1,0,0,27
1718,0,0,1,0,0,1,1,30
389,0,1,0,0,1,0,1,38
605,1,0,0,0,1,0,1,29
1025,0,1,0,0,1,0,1,32
431,0,1,0,0,1,0,1,44
865,0,0,1,0,1,0,1,29
762,0,1,0,0,1,0,0,27
1246,0,1,0,0,0,1,1,26
621,1,0,0,0,1,0,1,26
707,0,0,1,0,1,0,1,36
77,1,0,0,0,1,0,0,27
609,0,1,0,0,1,0,0,36
13,0,1,0,0,0,1,1,20
423,0,0,1,0,1,0,1,49
298,0,1,0,0,1,0,1,46
532,1,0,0,0,1,0,0,30
1318,1,0,0,0,1,0,1,44
998,0,0,1,0,0,1,1,27
266,1,0,0,0,1,0,1,41
1604,0,1,0,0,0,1,1,41
559,0,1,0,0,1,0,1,31
5,1,0,0,0,1,0,1,28
426,0,0,0,1,0,1,1,22
282,0,1,0,0,1,0,1,25
963,0,1,0,0,0,1,1,31
134,0,1,0,0,1,0,1,62
430,0,0,1,0,1,0,1,30
527,0,0,1,0,1,0,1,60
237,0,1,0,0,0,1,1,30
892,0,0,1,0,1,0,1,25
1246,0,1,0,0,1,0,1,26
370,0,1,0,0,1,0,1,25
172,1,0,0,0,1,0,1,36
222,0,1,0,0,1,0,1,46
248,0,0,1,0,1,0,0,33
1062,0,0,1,0,0,1,1,46
573,0,0,1,0,1,0,1,27
295,0,1,0,0,1,0,1,24
375,1,0,0,0,1,0,1,24
991,1,0,0,0,1,0,0,29
345,1,0,0,0,1,0,0,29
671,1,0,0,0,1,0,0,47
285,0,1,0,0,1,0,1,42
966,0,1,0,0,0,1,0,49
1364,0,1,0,0,1,0,0,27
352,0,1,0,0,0,1,1,23
381,0,0,1,0,1,0,1,24
1020,0,1,0,0,1,0,1,25
1527,1,0,0,0,1,0,1,32
541,0,0,1,0,0,1,1,23
456,0,1,0,0,1,0,1,25
838,0,1,0,0,1,0,1,47
453,0,0,1,0,0,1,1,25
840,1,0,0,0,1,0,1,41
193,0,1,0,0,1,0,1,23
134,1,0,0,0,1,0,0,46
365,1,0,0,0,1,0,1,22
252,0,1,0,0,1,0,1,56
176,1,0,0,0,1,0,1,60
997,1,0,0,0,1,0,0,30
1039,0,1,0,0,1,0,0,39
1059,0,1,0,0,1,0,1,27
332,0,0,1,0,0,1,1,24
436,0,1,0,0,1,0,1,26
420,0,1,0,0,0,1,1,49
557,0,1,0,0,1,0,1,32
1027,0,0,1,0,1,0,1,32
934,1,0,0,0,1,0,0,17
505,1,0,0,0,1,0,1,26
203,0,1,0,0,1,0,1,27
452,0,0,1,0,1,0,1,50
242,1,0,0,0,1,0,1,31
384,0,1,0,0,1,0,1,56
459,1,0,0,0,1,0,1,26
992,0,0,1,0,0,1,1,29
1157,0,1,0,0,1,0,1,35
651,0,1,0,0,0,1,1,31
614,1,0,0,0,1,0,1,60
1326,1,0,0,0,1,0,1,41
800,1,0,0,0,1,0,0,26
256,1,0,0,0,1,0,1,48
236,1,0,0,0,1,0,1,29
281,0,0,1,0,1,0,1,59
26,0,1,0,0,1,0,1,52
1667,0,1,0,0,1,0,0,41
481,0,1,0,0,1,0,1,32
410,1,0,0,0,1,0,1,43
713,0,1,0,0,1,0,1,35
351,1,0,0,0,1,0,1,26
341,0,1,0,0,1,0,1,28
685,0,0,1,0,1,0,1,25
325,0,0,1,0,1,0,1,51
968,0,1,0,0,1,0,1,44
596,0,1,0,0,1,0,1,33
592,0,1,0,0,1,0,0,29
368,0,1,0,0,1,0,1,57
1017,0,0,1,0,0,1,1,35
1534,0,1,0,0,0,1,1,35
208,0,1,0,0,1,0,1,43
483,0,1,0,0,1,0,1,45
434,0,0,1,0,1,0,1,28
601,1,0,0,0,1,0,1,51
971,0,0,1,0,0,1,1,29
724,0,1,0,0,1,0,1,33
646,1,0,0,0,1,0,0,42
921,0,1,0,0,0,1,1,20
797,0,0,1,0,1,0,0,45
940,1,0,0,0,1,0,1,32
345,0,1,0,0,1,0,0,23
743,0,0,1,0,1,0,1,21
183,0,1,0,0,1,0,1,21
235,0,1,0,0,1,0,1,25
949,0,0,1,0,1,0,1,28
935,1,0,0,0,1,0,1,67
621,0,1,0,0,0,1,1,27
189,1,0,0,0,1,0,1,28
378,1,0,0,0,1,0,1,23
310,0,0,1,0,0,1,1,59
191,0,1,0,0,1,0,1,52
138,1,0,0,0,1,0,1,24
596,0,0,1,0,1,0,1,37
340,1,0,0,0,1,0,1,40
269,0,0,1,0,1,0,1,66
504,0,1,0,0,0,1,1,55
901,0,0,1,0,1,0,1,28
1666,0,0,1,0,1,0,1,25
815,0,1,0,0,1,0,0,53
137,1,0,0,0,0,1,1,48
1035,0,1,0,0,1,0,1,56
813,0,0,1,0,0,1,1,33
411,0,1,0,0,1,0,1,26
429,0,0,1,0,1,0,1,25
380,0,1,0,0,1,0,1,39
846,0,0,1,0,1,0,1,28
626,0,1,0,0,0,1,1,36
1229,1,0,0,0,1,0,1,25
406,0,0,1,0,1,0,0,30
1145,0,0,1,0,1,0,1,29
438,0,1,0,0,1,0,1,42
597,1,0,0,0,0,1,0,23
823,0,0,1,0,1,0,1,22
360,0,0,1,0,1,0,1,26
322,1,0,0,0,1,0,1,25
1396,1,0,0,0,1,0,0,25
720,0,0,1,0,1,0,0,47
1171,1,0,0,0,1,0,0,31
1015,0,0,1,0,1,0,0,28
1545,0,0,1,0,1,0,1,33
315,0,1,0,0,0,1,1,36
332,1,0,0,0,1,0,1,21
382,0,1,0,0,1,0,1,27
297,1,0,0,0,1,0,1,29
365,0,0,0,1,1,0,1,22
631,0,0,1,0,1,0,1,31
518,1,0,0,0,1,0,1,29
1256,0,0,1,0,1,0,1,25
1845,0,1,0,0,0,1,0,53
716,0,0,1,0,1,0,0,28
2132,0,1,0,0,1,0,0,23
441,1,0,0,0,0,1,0,33
669,0,0,1,0,1,0,1,32
419,0,0,0,1,1,0,1,21
347,0,0,1,0,1,0,1,36
238,0,1,0,0,1,0,1,21
174,1,0,0,0,1,0,1,18
896,0,0,1,0,1,0,1,26
629,1,0,0,0,1,0,1,34
2278,0,1,0,0,1,0,0,30
676,0,1,0,0,0,1,1,32
332,0,0,1,0,1,0,0,35
706,0,0,1,0,1,0,1,29
424,0,1,0,0,1,0,1,21
613,0,1,0,0,1,0,1,23
205,0,1,0,0,1,0,1,41
339,0,0,1,0,0,1,1,24
1018,1,0,0,0,1,0,0,44
2793,0,1,0,0,1,0,1,33
11119,0,1,0,0,1,0,1,27
1183,0,0,1,0,1,0,1,43
873,0,1,0,0,0,1,1,28
293,0,1,0,0,1,0,1,32
238,0,0,1,0,1,0,0,34
408,0,1,0,0,1,0,1,48
250,0,0,1,0,1,0,1,24
347,1,0,0,0,1,0,1,61
359,0,0,1,0,0,1,1,50
351,1,0,0,0,1,0,1,58
302,0,0,1,0,1,0,1,61
739,0,1,0,0,1,0,1,60
820,1,0,0,0,1,0,1,26
297,0,1,0,0,1,0,1,43
453,0,0,1,0,1,0,1,26
199,1,0,0,0,0,1,1,54
1055,0,1,0,0,0,1,1,24
218,0,0,1,0,1,0,1,22
1741,0,0,1,0,1,0,1,55
821,0,0,1,0,0,1,0,29
724,0,0,1,0,1,0,1,25
1010,1,0,0,0,1,0,1,27
360,1,0,0,0,0,1,1,29
791,1,0,0,0,1,0,1,35
1028,0,1,0,0,1,0,0,29
1197,1,0,0,0,1,0,1,34
1212,1,0,0,0,1,0,1,38
847,0,1,0,0,1,0,1,47
1070,0,0,0,1,0,1,1,24
644,0,0,1,0,1,0,1,41
417,0,1,0,0,1,0,1,51
818,1,0,0,0,1,0,0,39
256,1,0,0,0,1,0,1,48
429,0,1,0,0,1,0,0,58
607,1,0,0,0,1,0,1,34
130,0,0,1,0,1,0,1,48
716,1,0,0,0,1,0,0,43
366,0,0,1,0,1,0,1,48
387,1,0,0,0,1,0,1,46
373,0,0,1,0,1,0,0,29
576,0,0,1,0,1,0,1,32
258,0,1,0,0,1,0,1,29
351,0,1,0,0,1,0,1,25
789,0,0,1,0,1,0,0,35
703,1,0,0,0,1,0,1,29
177,0,1,0,0,1,0,1,46
408,1,0,0,0,0,1,1,24
935,0,0,1,0,1,0,1,28
611,1,0,0,0,1,0,1,61
370,1,0,0,0,1,0,0,45
828,0,1,0,0,1,0,1,39
259,0,1,0,0,1,0,1,47
376,1,0,0,0,1,0,1,40
195,0,1,0,0,1,0,0,29
472,0,1,0,0,1,0,1,25
670,0,0,1,0,0,1,0,21
909,0,1,0,0,1,0,1,43
499,1,0,0,0,1,0,1,42
1108,0,1,0,0,0,1,0,54
609,1,0,0,0,1,0,0,21
2073,0,0,1,0,1,0,1,28
978,1,0,0,0,1,0,0,37
1436,0,0,1,0,1,0,0,25
266,0,1,0,0,1,0,1,38
482,0,1,0,0,1,0,1,48
942,0,1,0,0,1,0,0,48
7,0,1,0,0,0,1,1,23
389,1,0,0,0,1,0,1,43
487,1,0,0,0,1,0,1,26
273,0,0,1,0,1,0,1,25
1257,1,0,0,0,1,0,1,28
917,0,1,0,0,1,0,1,51
352,0,1,0,0,1,0,1,45
211,0,0,1,0,1,0,1,28
391,0,0,1,0,1,0,1,22
215,0,1,0,0,1,0,1,46
548,1,0,0,0,1,0,1,42
329,0,1,0,0,0,1,1,24
324,1,0,0,0,1,0,0,47
1814,0,1,0,0,1,0,1,62
910,1,0,0,0,1,0,1,44
263,1,0,0,0,1,0,1,33
1357,0,1,0,0,1,0,1,21
474,0,1,0,0,1,0,1,48
319,0,0,1,0,1,0,0,34
838,0,1,0,0,1,0,1,44
334,0,1,0,0,1,0,1,37
332,0,1,0,0,0,1,0,21
449,0,0,1,0,1,0,1,27
1027,0,1,0,0,1,0,1,26
1180,0,1,0,0,1,0,0,34
431,0,0,1,0,1,0,1,21
2210,0,1,0,0,1,0,1,33
608,0,0,1,0,1,0,1,43
239,1,0,0,0,1,0,1,54
350,1,0,0,0,1,0,0,45
1879,1,0,0,0,1,0,1,57
444,1,0,0,0,1,0,1,38
387,0,0,1,0,1,0,0,41
391,1,0,0,0,1,0,0,38
864,1,0,0,0,1,0,1,41
995,1,0,0,0,1,0,0,23
371,0,1,0,0,1,0,1,45
417,0,0,1,0,1,0,1,31
509,0,1,0,0,1,0,0,28
585,1,0,0,0,1,0,0,31
680,0,0,1,0,1,0,1,41
752,0,1,0,0,0,1,1,25
1428,1,0,0,0,1,0,0,27
1693,0,1,0,0,1,0,1,45
709,0,0,1,0,1,0,1,21
1019,0,1,0,0,1,0,0,40
112,0,1,0,0,1,0,1,33
1353,0,1,0,0,1,0,1,21
250,0,1,0,0,1,0,1,40
1328,0,1,0,0,1,0,1,51
529,0,1,0,0,1,0,1,42
1131,0,0,0,1,0,1,1,23
564,0,1,0,0,1,0,1,31
429,0,1,0,0,1,0,0,31
166,0,1,0,0,1,0,1,29
1054,0,0,1,0,1,0,1,36
594,1,0,0,0,1,0,1,28
335,1,0,0,0,0,1,1,31
610,1,0,0,0,1,0,1,40
913,0,1,0,0,1,0,0,25
365,1,0,0,0,1,0,0,35
588,0,1,0,0,1,0,1,60
1177,0,1,0,0,0,1,0,23
361,0,1,0,0,1,0,1,23
610,0,1,0,0,0,1,1,32
1185,0,1,0,0,1,0,1,43
541,0,1,0,0,0,1,1,32
293,0,1,0,0,1,0,1,26
722,1,0,0,0,0,1,0,36
592,1,0,0,0,1,0,1,22
1028,0,0,1,0,1,0,0,30
520,0,1,0,0,1,0,1,39
828,0,0,1,0,1,0,1,30
281,0,1,0,0,1,0,0,28
312,0,1,0,0,1,0,1,34
650,0,0,1,0,1,0,1,29
1324,0,0,1,0,1,0,1,25
951,0,0,1,0,0,1,1,28
357,0,0,1,0,1,0,1,23
333,1,0,0,0,1,0,1,59
1097,1,0,0,0,1,0,0,62
503,0,0,1,0,1,0,1,19
412,1,0,0,0,1,0,1,46
373,0,0,1,0,1,0,0,26
625,1,0,0,0,1,0,1,46
1209,0,1,0,0,1,0,1,28
203,0,1,0,0,1,0,0,27
521,1,0,0,0,1,0,1,25
307,0,1,0,0,1,0,1,57
524,0,0,1,0,1,0,1,51
348,1,0,0,0,1,0,1,51
1122,0,0,1,0,1,0,1,32
407,0,0,1,0,1,0,1,31
1077,1,0,0,0,0,1,0,36
401,0,0,1,0,1,0,1,21
673,0,0,1,0,1,0,0,42
495,0,1,0,0,1,0,1,30
966,0,1,0,0,1,0,1,49
1073,0,1,0,0,0,1,1,32
317,1,0,0,0,1,0,1,35
1307,0,1,0,0,0,1,1,40
992,0,1,0,0,1,0,1,56
583,0,1,0,0,1,0,1,59
433,0,1,0,0,1,0,1,38
162,0,0,1,0,0,1,1,50
212,0,1,0,0,0,1,1,28
918,0,1,0,0,1,0,1,28
291,0,1,0,0,1,0,1,37
401,1,0,0,0,1,0,1,21
572,1,0,0,0,0,1,1,23
246,0,1,0,0,1,0,1,27
841,1,0,0,0,1,0,1,31
488,0,1,0,0,1,0,1,24
267,0,1,0,0,1,0,1,37
310,0,0,1,0,1,0,0,25
39,0,0,0,1,1,0,1,26
985,0,0,1,0,1,0,1,56
755,0,0,1,0,0,1,1,46
949,0,1,0,0,1,0,0,32
284,1,0,0,0,1,0,1,30
554,0,1,0,0,0,1,1,27
278,0,1,0,0,1,0,1,54
1711,0,0,1,0,1,0,1,36
651,1,0,0,0,1,0,1,40
455,0,1,0,0,1,0,1,48
604,1,0,0,0,1,0,1,31
470,0,1,0,0,1,0,1,49
1131,1,0,0,0,1,0,1,45
430,0,0,1,0,1,0,1,29
761,0,1,0,0,1,0,1,57
152,0,1,0,0,0,1,1,28
512,0,1,0,0,1,0,1,30
457,0,1,0,0,0,1,0,36
391,1,0,0,0,1,0,1,49
456,0,1,0,0,1,0,0,22
680,0,1,0,0,1,0,1,33
281,0,0,1,0,1,0,1,21
637,1,0,0,0,1,0,1,47
501,0,0,1,0,0,1,0,32
383,1,0,0,0,1,0,1,26
529,1,0,0,0,1,0,1,20
582,1,0,0,0,1,0,1,28
204,0,1,0,0,1,0,1,44
928,0,1,0,0,1,0,1,23
316,1,0,0,0,1,0,1,33
448,1,0,0,0,1,0,1,26
367,1,0,0,0,0,1,1,23
430,0,0,1,0,0,1,1,25
277,1,0,0,0,0,1,1,25
688,0,1,0,0,1,0,1,29
132,1,0,0,0,0,1,1,27
950,0,1,0,0,0,1,0,20
922,0,1,0,0,1,0,1,49
198,1,0,0,0,1,0,0,25
537,0,0,1,0,1,0,0,40
441,0,1,0,0,1,0,0,22
486,0,1,0,0,1,0,1,48
249,0,1,0,0,0,1,1,30
472,0,1,0,0,1,0,0,38
373,0,1,0,0,1,0,1,23
863,0,0,1,0,0,1,0,46
351,0,0,1,0,1,0,0,35
740,0,0,0,1,0,1,1,23
980,1,0,0,0,1,0,0,24
747,0,0,0,1,1,0,1,21
1531,0,0,1,0,0,1,0,27
521,0,1,0,0,1,0,1,27
779,0,1,0,0,0,1,1,33
597,0,1,0,0,1,0,1,39
1101,0,0,1,0,1,0,1,36
871,0,0,0,1,0,1,1,39
609,0,0,1,0,0,1,1,25
721,0,0,1,0,1,0,0,29
175,0,1,0,0,1,0,1,33
1312,0,1,0,0,1,0,0,25
6,0,0,1,0,1,0,1,55
702,1,0,0,0,1,0,0,32
602,0,1,0,0,1,0,0,17
405,1,0,0,0,0,1,1,41
1000,0,1,0,0,1,0,1,23
878,0,0,1,0,1,0,1,25
589,0,1,0,0,0,1,1,43
420,1,0,0,0,1,0,1,43
450,0,0,1,0,0,1,0,30
439,0,1,0,0,1,0,1,54
1497,0,1,0,0,1,0,1,33
997,0,1,0,0,1,0,1,57
644,1,0,0,0,1,0,1,24
406,1,0,0,0,1,0,1,50
727,1,0,0,0,1,0,1,32
617,0,0,1,0,1,0,1,29
376,0,1,0,0,1,0,1,41
335,0,1,0,0,1,0,1,46
533,0,1,0,0,1,0,1,40
351,0,0,1,0,1,0,1,31
357,1,0,0,0,1,0,1,33
842,1,0,0,0,1,0,1,58
1351,1,0,0,0,0,1,1,29
853,0,1,0,0,1,0,1,26
32,1,0,0,0,1,0,1,41
1534,0,0,1,0,1,0,1,29
601,0,0,1,0,0,1,1,37
995,0,0,1,0,1,0,0,28
450,0,1,0,0,0,1,1,37
990,0,0,1,0,1,0,1,31
240,0,1,0,0,1,0,1,53
436,1,0,0,0,1,0,1,25
1191,0,1,0,0,1,0,1,29
529,0,1,0,0,1,0,0,32
536,1,0,0,0,1,0,1,57
1071,1,0,0,0,1,0,0,29
250,0,0,1,0,0,1,0,29
289,0,0,1,0,1,0,1,25
1042,1,0,0,0,1,0,0,34
1618,1,0,0,0,1,0,1,28
584,0,0,0,1,1,0,1,22
784,1,0,0,0,1,0,1,30
527,0,1,0,0,1,0,1,20
305,0,1,0,0,0,1,1,33
409,1,0,0,0,1,0,1,22
363,0,1,0,0,1,0,0,47
526,0,1,0,0,1,0,1,38
419,1,0,0,0,1,0,1,51
511,0,1,0,0,1,0,1,41
264,0,1,0,0,1,0,1,53
583,0,0,1,0,1,0,1,54
1080,0,0,1,0,1,0,1,26
484,0,0,1,0,0,1,1,22
1097,0,1,0,0,1,0,1,57
532,0,1,0,0,1,0,1,27
544,1,0,0,0,1,0,1,37
438,0,0,1,0,1,0,1,28
898,0,1,0,0,0,1,1,40
1243,0,1,0,0,1,0,1,41
1315,1,0,0,0,1,0,0,25
354,1,0,0,0,1,0,1,26
995,0,0,1,0,0,1,0,35
629,0,0,1,0,1,0,1,27
701,0,0,1,0,0,1,1,50
600,1,0,0,0,1,0,1,52
7,0,0,1,0,1,0,0,30
1180,0,0,1,0,1,0,1,49
1291,0,1,0,0,1,0,0,49
1002,0,1,0,0,1,0,1,47
645,0,1,0,0,1,0,0,38
441,1,0,0,0,1,0,1,32
444,0,1,0,0,1,0,1,54
1307,0,1,0,0,1,0,0,27
1219,0,0,0,1,0,1,0,30
564,1,0,0,0,1,0,1,30
423,0,1,0,0,1,0,1,38
1832,1,0,0,0,1,0,1,33
703,1,0,0,0,1,0,1,30
309,0,0,1,0,1,0,1,31
502,1,0,0,0,1,0,1,28
873,0,1,0,0,1,0,1,24
2328,0,0,1,0,1,0,1,27
2732,0,1,0,0,1,0,1,20
177,0,0,1,0,0,1,1,24
348,1,0,0,0,1,0,1,27
1316,0,1,0,0,1,0,1,23
229,0,0,1,0,0,1,1,26
410,0,1,0,0,1,0,0,26
656,0,0,1,0,0,1,1,44
244,0,1,0,0,1,0,1,25
769,0,0,1,0,0,1,0,26
543,0,1,0,0,0,1,1,36
1372,1,0,0,0,0,1,1,25
348,0,1,0,0,1,0,1,51
360,1,0,0,0,1,0,1,42
86,1,0,0,0,1,0,1,42
804,0,0,1,0,1,0,1,54
272,0,0,1,0,1,0,0,29
95,0,1,0,0,0,1,1,25
732,0,1,0,0,1,0,1,59
242,1,0,0,0,1,0,1,34
320,0,0,1,0,1,0,1,25
255,0,1,0,0,1,0,0,44
465,0,1,0,0,1,0,1,47
950,1,0,0,0,1,0,1,45
942,1,0,0,0,1,0,1,62
939,0,1,0,0,1,0,1,29
428,0,1,0,0,0,1,1,50
586,1,0,0,0,1,0,1,29
236,1,0,0,0,1,0,1,46
920,0,1,0,0,1,0,1,43
137,0,0,1,0,1,0,1,48
450,0,0,1,0,1,0,1,20
1633,0,1,0,0,1,0,1,21
721,0,1,0,0,1,0,1,45
682,1,0,0,0,1,0,1,45
225,0,1,0,0,1,0,0,27
720,0,0,0,1,1,0,1,40
700,0,1,0,0,1,0,1,40
588,1,0,0,0,1,0,0,23
1032,1,0,0,0,1,0,1,57
869,1,0,0,0,1,0,1,46
603,0,0,1,0,1,0,1,28
807,0,1,0,0,1,0,1,50
1022,0,1,0,0,1,0,0,28
320,1,0,0,0,1,0,1,31
421,0,0,1,0,1,0,1,48
739,0,1,0,0,1,0,1,57
528,0,0,0,1,1,0,1,24
251,0,1,0,0,1,0,1,24
947,0,0,1,0,1,0,0,50
265,0,1,0,0,1,0,1,29
367,1,0,0,0,1,0,0,29
660,0,1,0,0,1,0,1,55
1759,0,0,1,0,1,0,1,35
424,0,1,0,0,1,0,1,44
683,0,0,1,0,1,0,1,45
250,1,0,0,0,1,0,1,27
609,0,1,0,0,1,0,1,27
609,1,0,0,0,1,0,1,44
2334,0,0,1,0,1,0,0,52
561,1,0,0,0,1,0,1,31
331,0,0,1,0,0,1,1,41
3487,0,1,0,0,0,1,1,27
884,0,1,0,0,1,0,1,29
818,0,0,1,0,1,0,1,25
276,0,1,0,0,1,0,1,41
1263,0,1,0,0,0,1,1,23
613,0,0,1,0,1,0,1,20
804,0,0,1,0,1,0,1,28
295,0,0,1,0,1,0,1,24
461,0,1,0,0,1,0,1,21
648,0,1,0,0,0,1,0,35
971,0,1,0,0,1,0,1,58
237,0,0,1,0,1,0,1,32
459,1,0,0,0,1,0,0,45
764,0,1,0,0,1,0,1,23
903,0,1,0,0,1,0,1,53
444,1,0,0,0,1,0,0,30
335,1,0,0,0,0,1,1,30
1073,0,1,0,0,1,0,1,28
557,0,1,0,0,1,0,1,27
362,0,0,1,0,1,0,1,37
372,1,0,0,0,0,1,1,30
629,0,0,1,0,1,0,1,31
560,0,0,1,0,0,1,1,36
321,0,1,0,0,1,0,0,27
299,0,1,0,0,1,0,1,28
674,0,1,0,0,1,0,1,40
119,0,0,1,0,0,1,1,34
205,0,1,0,0,1,0,1,46
224,1,0,0,0,1,0,0,54
621,0,0,0,1,1,0,1,27
222,0,1,0,0,1,0,0,36
372,0,0,1,0,1,0,1,27
274,0,0,1,0,1,0,0,23
1144,0,1,0,0,1,0,1,44
532,0,1,0,0,1,0,1,29
271,1,0,0,0,1,0,1,29
416,0,0,1,0,1,0,1,38
166,0,1,0,0,0,1,1,29
574,0,1,0,0,1,0,0,27
247,0,0,1,0,1,0,0,21
254,0,1,0,0,0,1,1,36
444,1,0,0,0,1,0,1,29
638,1,0,0,0,1,0,1,36
1157,0,0,1,0,1,0,1,25
332,1,0,0,0,1,0,1,65
350,0,1,0,0,1,0,1,27
745,0,1,0,0,1,0,1,53
414,0,0,1,0,1,0,1,25
446,1,0,0,0,1,0,1,55
466,0,0,1,0,1,0,0,28
228,0,0,1,0,1,0,1,30
486,0,1,0,0,1,0,1,33
219,0,1,0,0,1,0,1,34
276,0,1,0,0,1,0,1,61
800,0,0,1,0,1,0,0,22
753,0,1,0,0,1,0,0,52
9,0,0,1,0,1,0,1,23
295,0,0,1,0,1,0,1,23
182,0,1,0,0,1,0,1,47
540,0,1,0,0,0,1,1,27
285,1,0,0,0,1,0,1,37
1116,1,0,0,0,1,0,1,40
291,0,1,0,0,1,0,1,41
1751,1,0,0,0,1,0,1,47
121,0,0,1,0,1,0,0,28
362,1,0,0,0,1,0,0,29
588,0,1,0,0,0,1,1,51
826,0,0,1,0,1,0,1,41
380,1,0,0,0,1,0,1,33
360,0,1,0,0,1,0,1,61
598,0,1,0,0,0,1,1,27
1387,0,1,0,0,1,0,1,41
932,1,0,0,0,1,0,0,51
251,0,0,1,0,1,0,1,29
534,0,1,0,0,1,0,1,32
655,0,1,0,0,1,0,1,29
1507,0,1,0,0,0,1,0,34
614,0,1,0,0,1,0,1,66
565,0,1,0,0,0,1,0,43
546,1,0,0,0,1,0,0,38
890,0,1,0,0,1,0,0,44
988,0,1,0,0,1,0,1,36
1199,1,0,0,0,1,0,0,25
559,0,0,1,0,1,0,1,62
256,0,0,1,0,1,0,1,33
301,0,1,0,0,0,1,0,31
701,0,0,1,0,1,0,1,52
906,1,0,0,0,1,0,0,32
736,0,1,0,0,0,1,0,32
1196,0,1,0,0,0,1,1,29
410,0,1,0,0,1,0,1,49
2275,0,1,0,0,1,0,1,33
856,0,1,0,0,1,0,1,29
787,0,0,1,0,0,1,1,24
666,1,0,0,0,1,0,1,27
1154,0,0,1,0,1,0,1,43
389,0,1,0,0,1,0,1,41
400,0,1,0,0,1,0,1,51
933,1,0,0,0,1,0,1,62
283,0,0,1,0,1,0,1,46
103,1,0,0,0,1,0,1,38
468,0,0,1,0,1,0,1,32
494,1,0,0,0,1,0,1,59
1124,0,0,1,0,1,0,1,36
514,1,0,0,0,0,1,1,39
538,0,1,0,0,0,1,0,41
247,0,1,0,0,1,0,1,48
1496,0,1,0,0,0,1,1,23
771,1,0,0,0,1,0,1,37
550,0,1,0,0,0,1,1,31
293,1,0,0,0,0,1,0,47
631,0,1,0,0,1,0,0,27
8,1,0,0,0,1,0,1,62
734,0,1,0,0,1,0,1,31
158,1,0,0,0,1,0,1,22
410,0,0,1,0,0,1,1,27
672,0,0,1,0,0,1,1,29
303,0,1,0,0,0,1,1,29
433,0,0,1,0,0,1,1,30
844,1,0,0,0,1,0,1,60
1102,1,0,0,0,0,1,1,56
644,1,0,0,0,1,0,1,44
189,0,0,1,0,1,0,1,29
433,0,1,0,0,1,0,0,33
388,0,1,0,0,0,1,1,33
1007,0,1,0,0,1,0,0,31
1305,1,0,0,0,1,0,0,57
537,1,0,0,0,1,0,1,31
782,0,0,1,0,1,0,1,27
734,0,0,1,0,1,0,1,36
829,0,0,1,0,1,0,0,25
3653,0,0,1,0,0,1,1,25
249,1,0,0,0,1,0,1,26
472,1,0,0,0,1,0,1,41
834,0,1,0,0,1,0,1,35
371,1,0,0,0,0,1,1,46
490,0,1,0,0,1,0,1,63
516,0,0,1,0,0,1,1,40
1361,1,0,0,0,1,0,1,48
583,0,1,0,0,1,0,1,35
433,1,0,0,0,1,0,1,46
207,0,1,0,0,1,0,1,30
979,1,0,0,0,1,0,0,31
1181,1,0,0,0,1,0,1,32
1109,0,1,0,0,1,0,1,50
365,0,1,0,0,1,0,1,44
298,0,1,0,0,1,0,1,20
512,0,1,0,0,0,1,1,56
337,0,1,0,0,0,1,1,54
516,0,1,0,0,1,0,1,35
243,0,0,1,0,1,0,1,29
210,0,0,0,1,1,0,0,29
385,0,0,1,0,0,1,1,29
354,0,1,0,0,1,0,1,50
597,0,1,0,0,1,0,1,28
872,0,0,0,1,1,0,1,31
354,0,0,1,0,1,0,1,37
249,1,0,0,0,1,0,1,28
490,0,1,0,0,0,1,1,31
1170,0,0,1,0,1,0,1,33
576,0,1,0,0,1,0,1,37
1142,1,0,0,0,1,0,1,45
538,0,0,1,0,1,0,0,24
820,0,0,1,0,1,0,1,23
314,1,0,0,0,1,0,0,34
432,1,0,0,0,1,0,1,49
192,0,0,1,0,1,0,0,34
254,1,0,0,0,1,0,1,33
668,0,1,0,0,1,0,1,39
248,1,0,0,0,1,0,1,32
587,0,1,0,0,1,0,1,25
1431,0,0,1,0,1,0,1,56
483,0,0,1,0,0,1,1,30
586,0,1,0,0,1,0,1,30
763,1,0,0,0,1,0,1,60
457,0,0,1,0,1,0,1,25
651,1,0,0,0,1,0,1,60
196,1,0,0,0,1,0,1,59
453,0,1,0,0,1,0,1,45
342,0,1,0,0,0,1,0,31
260,1,0,0,0,0,1,1,42
3,1,0,0,0,0,1,1,24
396,1,0,0,0,1,0,1,39
590,1,0,0,0,1,0,0,47
354,1,0,0,0,1,0,1,53
419,0,0,1,0,1,0,1,28
280,0,0,1,0,1,0,1,40
511,0,1,0,0,1,0,0,28
864,0,1,0,0,0,1,1,23
396,1,0,0,0,1,0,1,30
1111,1,0,0,0,1,0,1,63
403,0,0,1,0,1,0,1,42
1209,0,1,0,0,1,0,1,41
323,0,0,1,0,1,0,1,49
318,1,0,0,0,1,0,0,35
638,0,1,0,0,1,0,1,38
1136,0,0,1,0,1,0,1,66
569,0,0,1,0,0,1,1,34
424,0,1,0,0,1,0,1,28
510,1,0,0,0,0,1,1,37
700,0,0,1,0,0,1,1,24
755,1,0,0,0,0,1,1,21
629,0,1,0,0,1,0,0,47
770,0,0,1,0,1,0,1,42
639,1,0,0,0,1,0,0,21
237,1,0,0,0,1,0,0,35
1536,0,0,1,0,0,1,0,56
592,0,1,0,0,1,0,0,32
1363,1,0,0,0,0,1,0,30
225,0,0,1,0,1,0,0,28
570,0,1,0,0,1,0,1,24
832,0,1,0,0,0,1,1,25
541,1,0,0,0,1,0,1,41
1096,1,0,0,0,1,0,1,53
469,0,0,1,0,1,0,1,27
1553,0,1,0,0,1,0,1,56
1053,0,0,1,0,1,0,1,25
496,1,0,0,0,1,0,1,24
437,0,1,0,0,1,0,0,34
456,0,1,0,0,1,0,1,34
755,0,1,0,0,1,0,0,42
505,1,0,0,0,1,0,1,25
235,0,1,0,0,1,0,0,30
1546,0,0,1,0,1,0,0,28
1394,0,0,1,0,1,0,1,24
207,0,1,0,0,0,1,1,22
484,0,1,0,0,1,0,1,25
854,0,0,1,0,1,0,0,30
761,1,0,0,0,1,0,1,45
272,1,0,0,0,0,1,1,29
545,0,1,0,0,1,0,1,54
1101,0,1,0,0,0,1,0,47
259,0,1,0,0,1,0,0,43
795,0,1,0,0,1,0,1,22
632,0,0,1,0,1,0,1,49
236,0,1,0,0,1,0,0,32
847,0,0,1,0,1,0,1,33
2216,0,1,0,0,0,1,0,26
389,0,1,0,0,0,1,1,28
213,0,1,0,0,0,1,1,40
124,0,0,1,0,1,0,1,29
546,0,1,0,0,1,0,1,33
458,0,1,0,0,1,0,1,32
248,0,1,0,0,0,1,0,26
794,0,0,1,0,1,0,1,30
468,1,0,0,0,1,0,1,26
520,0,1,0,0,1,0,1,54
265,0,1,0,0,1,0,1,35
430,1,0,0,0,1,0,1,25
733,1,0,0,0,1,0,1,41
18,0,1,0,0,1,0,0,62
230,0,0,1,0,1,0,1,46
382,0,0,1,0,1,0,1,23
1401,0,1,0,0,1,0,1,49
181,0,1,0,0,1,0,1,22
489,1,0,0,0,1,0,1,34
901,1,0,0,0,1,0,1,58
1221,0,0,1,0,1,0,0,23
1153,0,1,0,0,1,0,0,31
1568,1,0,0,0,0,1,0,31
233,1,0,0,0,1,0,1,37
1683,1,0,0,0,1,0,0,33
788,1,0,0,0,1,0,1,48
372,0,1,0,0,0,1,1,32
299,1,0,0,0,1,0,1,20
400,0,1,0,0,1,0,0,23
764,0,1,0,0,0,1,1,56
1089,1,0,0,0,1,0,1,32
649,0,1,0,0,1,0,1,41
1289,1,0,0,0,1,0,1,50
666,0,1,0,0,1,0,1,39
309,0,1,0,0,1,0,1,47
757,1,0,0,0,1,0,1,51
359,1,0,0,0,0,1,0,30
1295,1,0,0,0,0,1,1,27
200,1,0,0,0,1,0,1,66
555,0,1,0,0,1,0,1,26
325,1,0,0,0,1,0,1,33
953,1,0,0,0,1,0,1,32
284,0,1,0,0,0,1,0,26
427,0,1,0,0,1,0,0,27
652,1,0,0,0,1,0,1,30
818,0,0,1,0,1,0,1,25
1649,0,1,0,0,1,0,1,18
397,0,1,0,0,1,0,1,55
616,0,0,1,0,1,0,1,27
416,0,1,0,0,1,0,0,51
444,0,0,1,0,0,1,1,30
1259,0,1,0,0,1,0,1,35
853,0,1,0,0,1,0,0,48
208,1,0,0,0,1,0,1,32
262,0,0,1,0,0,1,1,21
1329,0,0,1,0,1,0,0,35
1084,0,1,0,0,1,0,1,33
937,0,0,1,0,1,0,0,29
909,1,0,0,0,1,0,1,41
950,0,1,0,0,1,0,0,30
352,0,1,0,0,0,1,0,28
492,0,1,0,0,1,0,1,41
1011,0,1,0,0,1,0,1,32
847,0,1,0,0,1,0,1,48
945,0,1,0,0,1,0,0,32
1359,0,1,0,0,1,0,1,27
395,0,0,1,0,1,0,1,30
495,0,0,1,0,0,1,1,40
331,1,0,0,0,1,0,1,51
524,0,1,0,0,1,0,0,32
859,1,0,0,0,1,0,1,66
783,1,0,0,0,1,0,0,25
624,0,1,0,0,0,1,1,27
2520,0,1,0,0,0,1,1,24
604,0,1,0,0,1,0,1,27
493,0,1,0,0,0,1,1,35
665,0,1,0,0,1,0,1,60
315,0,1,0,0,1,0,1,52
685,0,1,0,0,1,0,1,26
410,1,0,0,0,1,0,0,45
189,1,0,0,0,1,0,0,34
136,0,1,0,0,1,0,1,25
679,1,0,0,0,1,0,1,31
1842,0,0,1,0,1,0,0,23
350,0,1,0,0,1,0,1,39
904,1,0,0,0,0,1,0,29
530,0,0,1,0,1,0,1,33
258,0,0,1,0,1,0,1,23
569,0,1,0,0,0,1,1,36
1093,0,0,1,0,1,0,0,27
215,0,1,0,0,1,0,0,28
348,0,1,0,0,1,0,1,37
819,0,0,1,0,1,0,1,42
550,0,1,0,0,1,0,1,46
240,0,0,1,0,1,0,1,32
487,0,1,0,0,1,0,1,26
550,0,1,0,0,0,1,1,28
658,1,0,0,0,1,0,1,26
2612,0,1,0,0,0,1,1,31
920,0,0,1,0,1,0,0,27
1390,1,0,0,0,1,0,1,28
341,0,1,0,0,1,0,1,26
1993,0,1,0,0,0,1,0,27
347,0,1,0,0,1,0,1,29
909,0,0,1,0,1,0,0,48
1203,0,0,1,0,1,0,1,30
1035,0,0,1,0,1,0,1,32
240,0,1,0,0,0,1,1,28
769,1,0,0,0,1,0,1,62
1621,1,0,0,0,1,0,0,58
380,1,0,0,0,1,0,0,25
522,0,0,0,1,0,1,1,19
214,0,0,1,0,1,0,1,39
737,0,1,0,0,1,0,1,52
560,1,0,0,0,1,0,1,37
1465,0,1,0,0,1,0,1,33
297,1,0,0,0,1,0,1,59
