"V2","V3","V4","y"
-0.224322079821356,-2.67863787197839,0.133511976067646,1
-2.33591390909011,1.18484466436688,-0.514439214966646,1
2.69625808018906,0.0921771205102812,0.347099253571461,1
-2.18882667142519,-1.15785628217996,0.646982766690703,1
0.268326833104749,-0.20272148389235,2.06333618372417,1
1.4848201789327,1.31592684075342,1.43029220636236,1
-1.03222525169852,-0.309443857536619,1.88141104598761,1
2.56677311017302,-0.0351535765273756,0.628520261437116,1
2.26344004318954,0.636210183348948,0.994917996743305,1
0.877449251064059,0.844945463330725,1.80739353335283,1
-1.76655976671347,-1.93151217951741,0.122894886913526,1
0.204030397933369,-2.37756955358318,0.906574729500412,1
0.262403900710412,-0.103270650332586,-2.12469613554958,1
1.24363043637802,-1.77796862556174,1.15811874083222,1
0.323084684566506,0.285768302126548,2.01030315740087,1
0.377449225871337,2.72457856592731,-0.0196497797454194,1
-1.10674855003605,2.44960628536487,-0.427414829371386,1
1.86191847794826,-0.58282043887458,1.42023936765725,1
-0.102626121230795,-2.13455564865438,1.19382954151241,1
0.787338980111732,-1.87855029645018,-1.3967282663064,1
1.7943653409181,-1.4744501325533,-1.01394934929937,1
-2.41054961219956,0.160864777510499,0.845493751699208,1
-2.36790079120103,0.929522502697789,0.609072019963484,1
0.637527924442796,-0.434806722223223,-2.08196029356221,1
1.46808412056889,-1.6979839041894,1.03926944368794,1
1.30985655783063,2.4047495755874,0.336263422867156,1
-1.17207703148538,0.110570856340407,1.79694765321421,1
-2.45236365463124,0.753866745416383,0.583355582110941,1
-2.30562748210707,-0.942210058956334,0.759261463632633,1
-0.364822717485955,-0.633762524884361,-2.0571180700777,1
2.63092427149935,-0.539430802274715,-0.0738462045350386,1
-2.40306270857577,-1.0360480654265,-0.419780009967744,1
-1.65281359566293,-1.18110695594574,1.27181004789966,1
-2.25568939810268,1.25244858737317,0.466733380528224,1
0.0711473517534535,0.0207271650181229,2.07473480298055,1
-1.92116320782424,-0.585220267434121,1.29183970666918,1
-1.40373740645629,-2.26242271522475,-0.20996998176848,1
-0.635664412694951,-2.34129549257244,0.680723765670161,1
-0.169386884527498,0.603977340519346,1.96608077507148,1
-0.079548515923938,-0.0993771680445022,2.01844717639174,1
0.881709445192382,-2.14108439497247,0.912323325939602,1
1.1421379836393,1.26022948876868,1.58186961675152,1
1.89020079710202,1.53848184179723,0.83715216777949,1
0.406686293045205,0.618026596277796,-2.04194274450706,1
0.934645700080126,-2.4599351560755,-0.454483897806555,1
2.64056977292331,-0.484106498307202,-0.0187359396167111,1
-0.525692591450483,-1.24361401770952,1.79885897903749,1
-0.14734537420128,-2.29762597522246,-1.004491293805,1
-0.887854906625131,2.18493816379235,0.986894688670907,1
-1.0749172233441,2.44377642888897,0.124615247228409,1
1.08250006035912,-1.21321853516214,-1.71241070846091,1
-0.92970251067118,-0.625881472736877,-1.928242666058,1
0.618827179828486,1.58365524449312,-1.66630832667117,1
-0.6089696111731,-1.84807902414455,-1.44081949559633,1
-0.274418489409705,1.98181024321047,1.40283026356763,1
1.7784507430202,-1.40177804014154,-1.17538495725866,1
0.264284363290575,-0.80210023965102,-1.98007443078434,1
-1.96148775384692,-0.671795449641985,-1.26085079364567,1
0.0909247742655837,-1.51739152686864,1.68618139307431,1
1.14126325076964,-2.39156088431211,0.24619327942589,1
-0.853684921408316,2.26183715929297,0.938332978549125,1
-2.60252204637266,-0.457069368219096,0.139553870800784,1
-1.72212046022472,2.07841078636896,0.194815830498941,1
-1.81564868860199,-0.679382004443114,-1.4413182112941,1
-0.0580287555201016,0.259869588342944,-2.13075465413931,1
0.530284502629066,-2.55756589859082,0.207264342366634,1
-0.00801946229361439,0.0630628584126131,2.07657428701152,1
-1.16812155550654,-0.00827603801593371,-1.9171756885638,1
-2.27015551934247,-1.02876900050171,-0.65292345870759,1
0.0403838597402998,-0.0903138498038125,-2.09977622268502,1
1.90215832084897,1.95930826398514,0.0972378020766057,1
-0.678694131380333,-2.18125350820199,1.02196601386259,1
0.307300284423384,0.94227034003595,-1.97278624802858,1
0.968646279052998,-1.43055162186231,1.53994115955793,1
2.17724422846516,1.19369961490791,-0.971596941994197,1
2.15171289624133,-1.42457235129156,-0.611413104037848,1
-0.511136439848347,0.726084385462483,1.94388667346625,1
-1.51112604884266,-0.446364064865854,-1.71040749197305,1
0.317476645350767,0.575202946765456,2.00462890886302,1
-1.53087785798306,-1.55973255802753,-1.17086811340969,1
0.445529866243484,-0.0156153016629916,1.99071039697294,1
-1.0421546950345,1.89090096954136,-1.28657099066176,1
-0.0521830148388059,-0.472118669837694,-2.07679979737633,1
-2.5239596343824,-0.152281342624371,-0.598755164991878,1
-1.62318401741819,1.25500649171421,-1.36627444700989,1
-1.28059451610733,-2.04048702477696,0.803341833116758,1
0.171899360697891,1.31747565859887,1.82533769172121,1
1.62394532313233,-2.05530121573835,0.106655383910078,1
-1.17009529806568,-0.738679369944876,-1.77774580634735,1
0.419192096371602,0.836847327661388,1.95260166763203,1
1.55990550112984,2.3139918814348,0.153670156462131,1
-2.3291190139911,-0.596002443256448,0.880253066316154,1
0.704273984556062,0.846263122413496,1.88218793978816,1
1.88859676502495,1.88832898995951,-0.488463394829083,1
0.0695058691765371,2.63258333329352,0.603501357265708,1
-2.12765077384859,0.595499714703328,-1.19800802119355,1
1.97532743468303,1.4531019723481,-0.984663376812711,1
2.48571595151489,-0.962431849169077,-0.441549952618972,1
-0.567029313144517,0.861512563129424,1.91058340819806,1
-1.3710174960697,1.56640278873765,1.29535619532874,1
1.50870326298434,-1.66360025629166,1.12201364566401,1
0.296698276989995,0.20114264904312,2.0254388029118,1
0.673172489795561,-1.59691284800481,-1.60054384877023,1
-1.77353205891698,1.85659635953437,0.53461343213871,1
-0.0042440097487837,2.78910867288103,-0.165433709282584,1
-1.10134406467506,1.7366509467677,1.31457011560769,1
0.34047631313093,-0.216538714719462,2.04208229069153,1
2.57117447617129,0.158897329521792,0.709645099292369,1
-0.566748567576726,-1.70141555617201,1.50534014749497,1
-1.39305256043506,2.14181433270179,-0.754909983531661,1
2.64090272544679,-0.685535591457845,-0.0616771363551826,1
-2.15499017145588,-0.43709876691942,1.03943442919935,1
-1.38020165847714,-2.22356422345758,-0.391925694035252,1
-2.03746006156659,1.74357867202744,0.375818469500076,1
-0.101406715908833,-2.49145286840044,-0.668460081663965,1
0.379064072246376,-0.426207670387375,-2.05109213090541,1
0.829692671993458,-0.490285204213239,1.92764833998035,1
-0.075325452661033,0.0525982422187216,2.07611984590668,1
2.21066094189287,0.92790385000367,-1.06871242622582,1
-0.729733888694383,0.951642284999355,1.86466021320426,1
-0.141971467200047,2.76820802297651,0.242713964717,1
-1.45821216836449,0.746366807481829,-1.70098201589612,1
-2.33912516958849,1.13754373488574,-0.527254203512081,1
-1.59220824553055,0.925115328255375,-1.52955204510918,1
-0.666870854090851,2.44032582946679,-0.754283873957996,1
0.868642789999248,2.5716088487127,-0.484905973055299,1
0.26813095047614,0.0252494262084444,2.0316426758255,1
1.53655407566768,-1.66826457455672,0.975869897345437,1
-1.18764376058676,-2.14379766831792,0.723715648463845,1
0.618531517987643,1.84575084512836,1.47912624699917,1
2.55522631665902,-0.859855283572333,0.0510860499388999,1
-1.75784972869945,-1.65199792701395,0.834187440792251,1
0.0869646635876156,-0.0841943681802956,2.0784547041567,1
-1.34165001805144,0.402991942267734,1.7637575805374,1
-0.102376486746797,0.305467034736262,-2.09201605606119,1
2.10517945156095,0.688779583739505,1.23594136235032,1
-0.441200960922242,-2.3350271382095,0.830350587861174,1
-1.93062438673121,-0.506841747581324,-1.36532212557696,1
-2.33443773078205,0.0882556339065232,0.918011775761977,1
-0.886575303486925,1.24614396219735,1.70069677659933,1
-0.290512082584224,-0.841485470238044,-1.99120239026504,1
2.56349792279013,-0.591401463575073,0.273627571484282,1
1.05196005673421,2.25176794855364,-0.997523893005597,1
-0.874257125566555,0.664275672185465,-1.92485900117725,1
2.39660400540894,-0.968323961517835,-0.662032329676556,1
-0.0999562148993796,0.102004789290061,-2.13713353700056,1
1.20456578270415,-2.3239331416675,0.207272904905834,1
0.678369745505942,-1.47416862773693,1.60727446171416,1
-1.63914815865158,1.5280932313624,-1.26890835187486,1
-0.750317812781448,-2.41793084798542,-0.656729402960581,1
-0.0510989214223827,-0.011331231442197,-2.13940741326409,1
1.30255610761999,0.918073377002835,1.64622106684211,1
0.577787718147407,-0.0141316088741052,-2.05402887300843,1
0.977100609528986,-2.08754975787502,-1.0828322622083,1
-1.20763529554406,-1.55283677273734,-1.35928825039273,1
-1.18502915101044,-2.28704355954867,0.35937818539452,1
1.06533196280086,2.22255316216875,-1.03853511429273,1
0.464036273128894,-0.43233987386317,-2.08137595247244,1
1.78040211116976,-1.79354504494899,0.622194842235263,1
-0.311377231690713,0.11070283879085,-2.1289586093316,1
0.597918294078513,0.568703433639841,-2.04337080897161,1
1.57188007204599,1.95547330221754,0.801685712730113,1
0.396894292510918,0.190386837229556,2.00865831450488,1
0.8979207703792,0.754409724898724,-1.89059255467032,1
1.80842126464897,0.494174871099674,-1.50543951703841,1
0.836758190903542,2.29553869936643,1.00483383482122,1
0.922135741506236,-2.34496371687189,0.695594181308327,1
0.013622036207284,-0.0510538347245305,2.05850732930046,1
-2.04448669162194,-0.463688087807334,-1.20665075588219,1
-2.26878908218614,-1.26505872980722,-0.0997991731350599,1
-1.59338982744584,1.15562229900617,1.34497339503868,1
1.28356396295713,-1.83001886610827,1.15095126899494,1
0.700024977632528,1.58569236492388,-1.70854962980917,1
0.431929315019913,1.53271261712792,-1.76046242539427,1
-0.572442322090107,-1.70170897080753,-1.59532111754335,1
-0.409635623342242,0.485632715718057,1.97025428198279,1
-1.71641019126617,-1.82406882872999,0.631691742419662,1
1.84913043742677,-1.62516564581529,-0.823214402938573,1
1.1843750089568,-0.273987134933099,1.83082899429958,1
0.218559540426802,-0.252737256649654,-2.10501942046902,1
-2.05390152353764,-1.57548329385876,-0.435992572299077,1
-2.54989423870266,-0.00121332036963279,-0.408759771407019,1
1.00471489273966,-1.63797194953839,-1.44780610989833,1
1.14108212459687,-1.43545738464294,1.46748871201489,1
-2.56025678668117,-0.530909326669993,0.108577903687039,1
0.382491032707559,2.47879508668978,0.868648528434149,1
-0.327144371575018,0.289642295619652,2.03926166497375,1
-2.35824836436458,0.60456850063372,0.746030878672391,1
-1.83699280989065,-0.858063397145064,1.32724309130787,1
-1.28703674789347,-2.23127745542608,-0.544033438864488,1
1.58718683181704,1.95979710792587,0.801508614358376,1
0.084499547030717,-0.00837721734320152,2.02597176876637,1
-2.18649973282915,-0.845008611285978,0.886692931163894,1
1.35116291425452,2.41271778595687,0.113514687873144,1
-2.46501691597123,0.996515776794731,-0.14030979914265,1
0.746186580934692,0.637636113514937,1.88868377440433,1
0.627537750566538,-0.0771357431809403,-2.07935226942748,1
1.11235231725156,-1.76569663963433,1.24597540523768,1
1.28714972845391,-0.164229489741879,-1.8836355959919,1
-0.9953911135699,-2.47928644677917,-0.355460429230368,1
1.92170662940703,-1.19018169678571,-1.11538745392983,1
-2.44357690435582,0.773814068433167,-0.63094112331573,1
-1.48556222045253,1.2756234713807,1.39310321903694,1
1.34809975103859,-2.00925189997922,-0.971472054227336,1
-1.28356924713303,-0.837919020756822,-1.7779659262575,1
1.0991732572865,-0.169041652171073,-1.90629291008359,1
-0.0829414885915258,2.69942719329562,0.243651082421786,1
-1.66801327790243,0.368459584037193,-1.58419775259587,1
0.833844190418119,-1.60315521730778,-1.51004198627937,1
-0.254155531555267,0.164532568725614,2.04695583739301,1
1.05903836102119,-2.41154068865385,-0.177657966160217,1
1.68173682489835,1.94230753849815,-0.714594625186304,1
-0.849295808062905,-0.92129695787724,1.77848765406966,1
-0.904863719696168,0.271603629393388,1.88626872066521,1
1.96909456344364,-1.82227694230272,-0.0744086547623909,1
2.16563190989455,-1.17314470048584,-0.923764091916474,1
-0.452328980070312,-0.0920677872164126,-2.07662938196202,1
-1.36015685111608,1.75127458062262,-1.18348386628692,1
-1.1254626127513,1.84008339527728,1.27624502552018,1
1.73662817700391,-1.90837248361192,0.460250494142067,1
1.02306936672956,-2.29756263663877,-0.695762886535039,1
-0.170470551764691,0.372005083063812,2.021990396881,1
2.68361067881348,0.0522583911983175,0.117478600532246,1
1.46229074666049,-0.287632810228851,-1.79243244065635,1
-0.138247885994753,-2.15747338883927,1.1583188118701,1
-2.33808475954315,0.127881995022984,-0.988678581170042,1
0.863292642490089,-1.25497706789331,-1.7799428286005,1
-1.34758829289806,0.58954269384018,-1.78756307080326,1
0.534114681914275,-2.51160698918618,-0.401737110903419,1
-2.35815673583012,-0.812243074726941,0.49589446524802,1
0.789161429044206,-2.37767890737723,0.688828939971004,1
-1.14874584953665,2.33801885886726,0.571827898239312,1
-1.02658370414082,-1.72992658051597,1.31925445107711,1
-0.345201905186385,2.07682407364439,1.31060461574621,1
0.158551480485331,0.450063337052448,1.99841334077382,1
2.08055694654519,1.24756989236334,1.02297889959717,1
0.158615034463011,0.0939212648034042,-2.1308937431907,1
1.59442388786722,-1.529318669396,-1.20408074106781,1
2.24883328280383,0.235611885232144,1.1300828990687,1
0.792785550671689,0.467215587920402,-2.03351595288018,1
0.980019404530747,2.58754960029498,0.0217014202932698,1
-1.59796859054862,1.08764429940735,-1.48619802956008,1
-1.83922279271185,-1.81239287511569,0.487700741761309,1
2.06501951726588,0.12054154039401,-1.30745105576349,1
2.14654813669724,1.18020795522804,0.901291851656708,1
1.81670565615698,-0.695176048707631,-1.46440323466093,1
-2.42170325537383,0.827160855201234,0.451712598348018,1
1.10546259727387,-0.700000066820437,-1.8845737161403,1
-0.722107411372754,2.08762682097253,1.21713969700746,1
0.315517073251027,0.157172462895036,2.03018203194351,1
-1.45450387633907,0.22999104608239,1.63762678359479,1
-2.56683219947671,-0.37523483538996,0.258163876300797,1
0.401690193931405,2.11260441851565,-1.41735688513505,1
-1.77460656330073,-1.27685432296847,-1.17636066904257,1
-2.44294669181939,-1.0450632571707,-0.0970876884657076,1
-1.33870938136414,1.87797069542798,-1.12516587369572,1
-0.586742766154218,-1.09322169363093,1.82669642050249,1
2.49219494125962,0.751365683394033,0.533224630049026,1
-1.40944607724272,2.19565808374183,-0.738967370911776,1
0.501074284746691,0.213782919060103,2.0320378056832,1
-0.193699024518983,0.525726742951372,-2.08345727602519,1
-0.0135875472065368,-1.48304793927169,-1.77006374678842,1
-0.536285276213215,0.724277341083564,-1.99527648818467,1
2.24349805156773,-1.50392531089332,-0.242029590428534,1
-0.301522156630379,-1.32328637700678,-1.84779238921774,1
1.37995291941608,-1.46764529497301,-1.4029225324688,1
-1.09899901346174,-1.58282028381307,-1.46402815367551,1
0.584680634469324,-0.44070116240027,1.99964759947308,1
1.96545978733541,1.94900085686273,-0.202272927323827,1
-1.46691421551794,-1.73711686315252,1.09886513420165,1
-0.297956155195394,-0.178424424242799,2.04626164519059,1
-0.237077677448963,-2.42366759132976,-0.804181757879747,1
0.899687816011768,-1.08863478919037,1.70786466612145,1
0.143597437299545,0.365997553740343,2.06074361392848,1
1.00708125291447,-2.30835780499109,0.685520040676426,1
0.286824236953925,-0.307090423136237,-2.07073793730789,1
0.228389737274582,-1.71450498877773,-1.65239440931432,1
-1.44225122347532,1.92925600077156,-1.05392888903417,1
-1.23051579295702,0.487010356980931,1.7347067646151,1
-1.49411883394373,-0.785575906930193,-1.58637347292223,1
-0.718737399111185,-0.265573768004971,-2.07049192093772,1
-0.0565789470518973,0.705888580309712,-2.03204069002883,1
0.577469681896987,2.39346285651727,-0.926123593571999,1
-0.176063941069397,-0.0302880905896969,-2.14758944157531,1
-0.162358283393216,-2.68182320724668,0.0233390790100307,1
-0.788573791366304,-0.719329161952043,1.85808543615352,1
1.26463361428264,0.855458044155838,1.72389916940591,1
1.21508441882566,1.58709988900572,1.42435231026691,1
-2.29164933608568,-0.425840144195389,0.839229314483849,1
-0.293609606500584,-0.544685197943315,1.95110176137518,1
0.835838709214723,2.48803385822083,-0.725147432643701,1
-1.84915703056416,-1.01284936178066,1.22755717457702,1
-1.46901741001821,2.04866493032089,-0.753563367610717,1
-0.602099601984799,-0.906245653243602,-1.92518228924263,1
-1.37399382526751,2.29928108935788,0.324809335064159,1
1.6761059318214,-0.147648856057779,1.57530569950659,1
-2.02138990824973,-0.120354798689195,1.24335109139422,1
0.0921895676755454,-1.37484560819091,-1.77602494481066,1
-1.72088667135374,-1.13667954101322,-1.37366579792087,1
0.0751865985872004,-0.0374930439580221,2.02084677579181,1
0.168360208554398,0.361860244972851,2.06435533473134,1
-0.908649256707029,-0.551855991784885,-1.96573698100074,1
1.26926991158147,0.281220537682575,-1.91108960277469,1
2.33651166852473,1.0373420954994,-0.775757469215952,1
-0.973823248185473,0.266772248846923,-1.94458249695978,1
0.369150184452296,-0.254718888150263,-2.1248966242723,1
-0.0755056199305339,0.719935670646497,-2.00856554902237,1
0.288890247316368,-0.0895587672694458,2.02600476586865,1
-1.18367709740313,-0.230092359594478,-1.91236312384881,1
-0.551381609989432,2.45599211385311,0.80301019135459,1
-2.13962587748878,-0.158020143119291,1.13911992824535,1
-0.0964484402016989,0.0271456155837314,-2.12063999807803,1
-0.221154183059635,-1.26467436746179,1.77598948104759,1
-0.0575902170923868,-1.16274418023186,1.80555739080057,1
-2.10544470506717,-1.24335633253146,0.560751313993806,1
-2.21560511062094,-0.720042127035038,0.884185569075362,1
-2.57907419785971,-0.163828832598429,0.133391139843722,1
0.684534428068521,-0.456415627418622,1.91496701058339,1
1.59598317112514,-0.107943738555385,-1.75740163089406,1
0.591712591765042,-2.12673901780141,1.14373785182537,1
-0.0567308799474078,-0.0543712607143493,-2.14094908800485,1
-2.33692288841724,1.08303086855141,0.642219906471558,1
2.30482151370273,1.297215973507,0.603402365958864,1
-0.817858164434707,2.12609986768344,-1.18183609959705,1
-2.30693531961926,1.43108342350934,-0.260910448816865,1
0.752019909145913,-1.39916437619264,-1.68933320342118,1
-0.846933709680389,-1.79847408601252,1.34752001950208,1
1.64321608246682,1.59482069995004,1.15581855042383,1
0.414989063532509,-0.809669471078834,1.95488807444073,1
-0.73655914906353,-2.03079459740723,1.21622079036166,1
-1.41858868717523,-1.06440751025396,1.5208421026097,1
-1.96860388154058,1.38370453884828,-0.909627548540436,1
-0.0304856975132526,0.726874764369979,2.02334202502001,1
2.52517801732077,-0.243968002670986,0.510483778989537,1
-0.671512478630062,-0.145940067686881,2.01607096734265,1
0.795071469516834,2.49950951033117,-0.84571717363983,1
-0.635305889417677,-0.28154851670738,-2.04775065219339,1
0.800462636776885,0.348067104461756,-2.04288796529772,1
1.34964891253979,-1.95129547184312,-1.0186670995559,1
0.668255979652971,0.625749031288364,1.9358520879032,1
2.34861249503777,0.219302470611506,0.987071369357805,1
-1.48861366373964,-2.03971775873069,-0.77394095785113,1
-0.905873764471371,2.17018352192673,-1.17643877610746,1
-0.748726033357235,2.62149475030569,0.288447447256929,1
0.0717350369299624,1.28746183161983,1.85705124849215,1
0.330409373720861,-0.121462844954854,-2.0830621461675,1
0.128555707737178,-0.535555238850904,-2.09267975727037,1
2.11595432794453,-1.64048438002448,-0.422303661764997,1
0.908357899722966,-2.02351174299453,1.17210199387234,1
2.01758896530626,1.3712587778323,-0.92512240301291,1
-1.38246839925693,-0.480686756143742,1.70910101324489,1
-0.207353540687559,-0.0250568649329057,-2.09021040450218,1
-1.45118607103318,-0.884862655663339,-1.58548255116064,1
-0.227483690439434,0.00648800719326239,2.05571343541238,1
-2.3225851536705,0.740203476069608,0.790087857805532,1
-1.91291717244694,1.06590996216205,1.15859239543965,1
-1.51813509900476,1.6059975238707,1.19769813849125,1
0.0736229203559688,0.774219543639821,-2.03790623822294,1
0.568831561628043,0.371165170135743,2.02460218017928,1
-1.05976708444009,-1.53505108189701,1.41955436452129,1
0.253157516135388,0.443820913613937,-2.103618505519,1
-0.558020416945435,0.644457191757711,-2.06608785199527,1
0.793081212512531,1.72017696010057,1.52430763371891,1
0.536706757263803,2.12934854153541,1.24760145231591,1
-1.09898729353292,-2.17762967504667,-0.823315482669611,1
2.61856027931175,0.535545685081845,0.0551515017823625,1
-1.3501309847293,0.456544877178248,1.66102924743926,1
-0.28310966899279,-0.391351094398136,1.99212342478329,1
2.33538708808145,1.01071336393719,-0.854607177753159,1
1.23128615497981,-1.70588336242103,-1.34790383242088,1
-0.0567337566572106,-1.0012215887984,1.8541495919156,1
-0.59836360830943,-0.117957352093485,-2.06999529366414,1
0.571867555918065,-1.89781063944395,1.35111586828105,1
-0.280755135291607,-0.0847933779482027,2.02842859098938,1
0.269221756215437,0.805670127893168,-2.05109505469928,1
-2.47449460932336,-0.606596227393975,0.569882322259239,1
0.35809216524276,2.6929173944171,-0.127977361891715,1
2.210676923614,1.18943860642784,0.830046095613541,1
0.826420148230761,2.63612109093769,0.298143541341048,1
2.59230763874107,0.985125117484716,-0.110590228024624,1
-1.14096648041624,-2.3699375249271,-0.264079256616441,1
-2.03873753380865,-1.41182938615214,0.598905988667003,1
-1.96441720332943,1.86351379904121,-0.350687502806603,1
-0.729014178519647,-0.735647238259338,-1.96432395319039,1
2.34082726595295,0.759616481290708,-0.893255555906056,1
-1.71879892585056,-0.555352065062014,1.49580273188119,1
2.46053888077603,0.629013404447406,-0.715708172967085,1
-1.45874329422993,0.729650293588289,1.64647794301809,1
0.844515185614371,0.808160362807196,1.88909310554655,1
2.37173058737149,0.121334788485212,0.925956141399804,1
2.16970138881743,-1.38156220483837,-0.648227010377847,1
1.90989453932233,0.200726454999227,-1.52342168472714,1
0.517142839891444,-2.32678337793323,-1.02353062182125,1
1.30342711142139,-0.742666993939818,-1.77973649229003,1
0.906471523905986,-1.99007221894245,1.12208381671696,1
1.4163699346233,1.77419719300625,1.12138294155711,1
0.218291580235912,1.96739286576908,-1.56734208091793,1
0.84945140654635,2.54968016487302,0.565484936274221,1
-0.541698817882843,-0.331487850079932,2.02278650418413,1
0.459754823311473,-0.00551647878239892,-2.10401238232218,1
0.0691151480584332,0.0976694364707,-0.0714155084987057,2
0.0438725629174361,0.188835745691366,0.147491553481187,2
0.162539292813252,0.172243310459195,0.0944221468084062,2
0.350725710523862,0.104246958911773,0.0850183903431048,2
-0.108387691514157,-0.0821583845959109,0.16236815085497,2
-0.0249811133056067,0.147378585520329,-0.186894439847498,2
0.0247762334145595,0.110502645557979,-0.00644182077290618,2
0.13883291332487,0.115364017194496,0.0443688841265461,2
-0.130011013470894,0.351913055744306,0.128085707018713,2
0.128527526635591,0.0523167417331965,0.0242526392898969,2
0.155870493493935,-0.0308614401108812,-0.0176123005702202,2
0.00086839367689539,-0.0474390422046518,0.0942426676330869,2
0.147365021510341,-0.132837588415637,0.0478481570669528,2
0.217545446948913,-0.284184213821713,0.170587394885344,2
0.42531661154175,-0.0386464016720086,-0.0833244717987697,2
0.230026798241987,-0.0812549165419931,0.0820714984984907,2
-0.177223947661172,0.0630769390669857,0.0544372607076683,2
-0.183240746030926,-0.00389279148291076,-0.0527894671001042,2
-0.0128635912212215,0.106192969226003,0.0495135918255073,2
-0.118652324814563,-0.208005762379918,-0.060928578294116,2
0.0578856503084493,-0.0194006752744813,0.0896089555661613,2
-0.0459750218119731,0.243109820151658,-0.091915121187985,2
0.137515699869613,0.261874877075237,-0.00279595005761505,2
-0.0174536693825592,0.093978410281127,-0.216534483772178,2
0.424735942340816,-0.0279485690235088,-0.013681339068068,2
0.139702585316178,-0.0332098940414348,-0.0620968427888058,2
0.0442840602730046,0.44049076577184,-0.0140732443988072,2
0.0520621774919233,0.343658630766343,-0.113233713602187,2
-0.0885553877716778,0.0277205729305014,-0.241267106754935,2
-0.0947270490191493,-0.216589223179783,0.0337874652576773,2
0.300158852337949,-0.0542306165772483,-0.130243343911787,2
0.381442099077615,0.330859527070278,0.0563583603561762,2
-0.0400402096715983,0.109867040163944,-0.109945531475624,2
-0.220121817147259,0.0839403166511116,-0.204027997248831,2
-0.0211792216667922,0.0956418060003856,-0.217759929321328,2
0.12027472566301,0.176644529992032,0.213487052866577,2
-0.0696983951971533,-0.00236561161344953,-0.129076457777066,2
0.213475648391613,0.0680000631158158,-0.189121368335124,2
-0.133542387843438,0.0059689393796498,-0.142168621981663,2
0.176368915372972,0.115839110707659,0.123271346258919,2
0.157039716211559,0.276039820486105,0.0848441739967569,2
-0.0653311768096861,-0.0826081426756011,0.0961957619402624,2
0.150232195552863,-0.0989544236000751,-0.0539083779542176,2
-0.0871201226696988,-0.0161118328506323,0.0482339725527393,2
-0.140501521763223,0.137351979452243,-0.109976899607033,2
0.229667156244234,-0.0843338213354812,-0.0831076098303596,2
-0.11558937468824,0.201294499237334,-0.059517321467488,2
0.0958276999452157,0.17951452573045,-0.0497195712472523,2
0.173434618101719,-0.0109253772867519,0.19749665710111,2
0.231583417879721,-0.254267884953115,0.048630230159501,2
-0.158328012959502,0.0362605195820206,-0.161263585618467,2
0.146028843079347,-0.217721251490376,0.131757657975352,2
-0.0907943203567115,0.0118363009587838,-0.0889952535524544,2
0.0182717368429048,0.131631097821595,0.0406914614985168,2
0.0268915420594383,-0.065972128332434,-0.00717236408686666,2
0.156902060320255,0.193027893762508,0.0542332634322995,2
0.150797948480746,0.147860121162943,-0.27332320686234,2
0.0709461365572288,-0.0302295700692173,0.105336752873347,2
0.119988120130805,0.319575189963982,-0.0492824097642072,2
-0.166207640743777,0.0347528555753096,-0.191473476968998,2
0.0864443520201362,0.0995027420008536,-0.0874226283651262,2
-0.0715295808038428,0.126774002892866,-0.125734937296563,2
0.0434835518434927,0.236280242628852,0.174141475180416,2
-0.413783519243449,-0.0673210236227133,-0.218550105499753,2
-0.00989560980907349,-0.0795046062106807,-0.228101764166545,2
0.324429066947679,0.0594734283939783,-0.177303560574324,2
0.0622328329448641,0.191360085996608,-0.013604029781217,2
-0.0118918652860396,-0.0755516289623686,-0.0740186624282143,2
0.0449434234687665,0.150540588370187,-0.105575086162722,2
-0.0508292565145726,0.158661406831459,-0.148932986180824,2
0.0906424837980836,0.130301149970879,-0.123122819850409,2
0.0825351537784371,-0.0274199354596938,0.176867035828843,2
0.335253326849535,0.219032604936583,0.257621763148256,2
-0.0441999853188419,0.0403426750597209,-0.111638282822649,2
0.128099482871416,0.336719915991652,-0.00016605176786511,2
-0.0695082127157464,-0.066083809954774,-0.0225460816023335,2
0.0594317965916049,-0.117326402356028,-0.055385115233056,2
0.00800691176184552,0.206067629941027,0.112243589371092,2
-0.035031058818878,-0.407463130834067,-0.356831479714393,2
-0.0109828090066356,0.0364431945536271,-0.0902101734436609,2
-0.215929864968147,-0.237384200507086,0.0251746368035109,2
0.085032974264001,0.185062065356864,0.0447582917019481,2
-0.127195620204823,-0.125622998920905,-0.0867023726287504,2
0.190231247188598,0.102505126206277,0.063490454287595,2
-0.23080655662368,-0.00238504085933311,-0.0761560142252674,2
-0.0341330459087726,-0.165664298136693,0.00142491813759205,2
-0.00850663309871751,-0.0670734076553923,-0.0266125818347421,2
0.195015535225066,0.253317617877511,0.182580839120945,2
-0.442022847567381,0.339039678085153,-0.215066363331569,2
-0.0870157087583381,0.210564615246971,0.166366564281773,2
0.162433227457375,-0.234102666381354,0.155786857920744,2
0.222776796997698,-0.029625742238107,-0.0118911000796195,2
-0.251435868798744,0.507217747139606,0.0214807991613087,2
0.00727482108047676,-0.151145795503574,0.137183425802477,2
0.132913124002354,-0.120955594929975,-0.0459754694115246,2
-0.11333829599515,-0.0674462932659973,0.133850426092689,2
-0.101652994231394,0.20654575504452,-0.0531953022202242,2
-0.0259391642147445,0.0959303755049341,0.122409119445766,2
0.0122616507960235,-0.0297700134564958,-0.0282338631289656,2
-0.0477938482209914,-0.0560522234168601,0.184432060095888,2
0.0483193542943928,-0.0889762147061879,-0.072297028174572,2
-0.0449598096136057,-0.302387614501095,0.142436021495353,2
0.190579382347139,0.213910678938301,-0.0687263574376949,2
0.0802147410518595,0.0772382337423495,0.187618118279315,2
-0.161776069292573,0.134709407124126,-0.149389223330466,2
0.232169414321031,0.0367674339665419,0.043814574576706,2
-0.112989628112571,0.0137361174153586,0.0158852842156122,2
0.0167115958992826,-0.0293640510299675,0.0512768066048723,2
0.303464884442608,-0.0981328084850705,-0.119828957210036,2
0.228015658455411,-0.173638788228994,0.15395940321314,2
-0.246259868777462,0.232701504379685,-0.0606952887809879,2
0.198115935851229,0.220831041764386,0.239743055994143,2
0.0999136400408542,-0.0731431928517118,-0.232030800141589,2
0.139486885353372,-0.107171278512162,-0.00774605839008493,2
0.115950977557007,-0.201058656596278,0.0270612356843172,2
-0.150874138226041,0.194550834819061,0.0476349707251259,2
-0.0780726039778936,0.0387571154221882,-0.124190464067383,2
0.0220452662539599,-0.23456271021395,-0.00767060362391913,2
0.117754781148166,-0.0123862790126209,-0.19372446410335,2
0.0588857651075924,0.276454498734832,0.135845706568604,2
0.22222345653989,0.19516906270424,0.082210838160782,2
0.000246875196761414,-0.235244276682811,-0.00987112607602293,2
-0.130951963938426,0.208066855492659,-0.0555575647725349,2
0.150874714014557,-0.11034638216309,0.000103275593172066,2
-0.278463196664837,-0.0144419137986098,0.0495219455222873,2
-0.00346720221170263,0.407984809134819,0.0171737166384831,2
0.0114795000368458,0.223872430627539,-0.0230494336018154,2
-0.0264689049976886,0.0854424588325786,0.218925058859486,2
-0.198412300441245,-0.125052139634635,0.0496290816834915,2
0.0953791995779986,-0.051478473912914,0.208449314254884,2
-0.070838371365116,0.230243425977373,-0.215198059361306,2
0.0330165563387371,-0.0863652033988291,0.0125763849210347,2
-0.115648720146023,0.115478351458374,-0.142858679104179,2
-0.221540834166092,0.290994439042428,-0.0313181453007273,2
0.0254633355509568,0.0834867853241713,-0.0480840677842607,2
-0.0538643451737313,-0.0954475232146237,-0.272397617259111,2
0.0116637959176377,0.297976949470281,-0.242136601284286,2
0.186743875821555,-0.100198783159507,-0.267547795056486,2
0.232984855005315,0.0952513967149617,-0.241433554163277,2
-0.0936618673060593,-0.0917352325843066,-0.356128766741256,2
-0.247040309492479,-0.129727880498973,-0.195257367462489,2
-0.0752373933776253,0.0928563050153117,-0.095255221540036,2
0.228040803029984,0.0179531949034117,0.174045491204413,2
0.0439994364742201,0.110250590476246,-0.0474278849021878,2
-0.073053917364901,-0.258794319993695,-0.11358415118211,2
-0.0254279622283073,0.245412691956177,0.213281384851852,2
0.325141958254734,0.130532904224509,0.0489386904131043,2
0.0946174574766996,-0.0904888700098354,-0.0416321234909768,2
-0.068089568603739,-0.011282725996915,-0.0681188891383949,2
0.190174671895809,0.0766153502005927,-0.0311559294574888,2
-0.01817302263219,0.0787041051109382,0.071224557377468,2
-0.095570777349828,-0.153612319050377,-0.0146245633252001,2
0.0703927747904596,0.0702661335791484,-0.225850401115838,2
0.0992363346995075,0.0409811009154737,-0.0622866178954066,2
0.175989349496214,0.00100050929604682,-0.0462547919707591,2
0.26776651396205,0.0102380032283104,0.0111991527013919,2
-0.341685393814488,0.172362841735068,-0.135423680127516,2
0.135242193494542,-0.0620480594633413,0.0130768131266436,2
-0.0491210768881544,-0.000514219398844275,-0.0585308041767933,2
0.159364204277024,0.18705571494771,-0.0147072523927774,2
0.0915843398964798,-0.278583080009105,-0.0665465270925153,2
0.326812207929678,0.141016251857152,0.228015134010696,2
0.105161770896821,0.0775952955341421,-0.201473896226815,2
-0.136071708301343,0.0734464558962874,0.0705776888673049,2
0.372861459732322,-0.244547090559581,0.0898338370834803,2
-0.0534726864613213,-0.174446219832097,0.0403479574869211,2
0.0484740839911005,0.218359158798963,0.0670747331965268,2
-0.139681552924619,0.245833379250023,0.036138237300067,2
-0.00588703189816862,0.087808934484934,-0.016944397451565,2
-0.136945748629758,-0.0948405555221001,0.089315573735246,2
0.0585830766366944,-0.15917896852298,-0.240223437647719,2
0.0797762985144714,-0.0236251963995058,-0.0441271054008805,2
0.268040760296583,0.275225567804759,0.143929829553561,2
0.0828058894615626,0.229938642878112,-0.00109846216451548,2
0.133803305869108,0.161172917013339,-0.0914363708255204,2
0.0566828606492186,-0.0342708965214358,-0.176387494185424,2
0.188981316779284,-0.152533722519353,-0.136180107370949,2
-0.233643738302887,0.137034474500704,-0.012114081130921,2
0.127553866912153,0.0374285101329041,-0.222589034355939,2
0.175116694250297,0.0271432065521298,0.123784806231505,2
0.0726498999013757,0.262496840312786,-0.150278474352703,2
-0.077702414044197,0.0996832840321207,0.0190590206962885,2
0.0871478141117268,-0.0242113760440514,0.160676694330946,2
-0.291957629260127,0.200252769010146,-0.123557379156907,2
0.192439974320702,-0.128970416000775,-0.00186791282122904,2
0.0636853796146214,0.141082188946832,-0.135744587389321,2
0.335123928180813,0.0444683338586584,-0.0418867734067714,2
-0.0229041288279896,-0.0877561078693972,0.095433445340599,2
0.0556159795464487,0.00117476077737888,0.0987018709742772,2
0.162280175841386,-0.0238741116198254,0.0763682626328155,2
0.115649189389732,0.202915046675408,-0.159626804039868,2
0.414211552799699,0.15591819653149,0.167521170482227,2
0.0271530722711949,0.221868116334996,0.0717853410423127,2
-0.107424473181855,0.0361841289192557,0.174205464497751,2
0.0117733133252782,0.0281422996267463,0.0866608942039981,2
0.23946070167823,0.179588420744746,-0.0397973425912971,2
0.0268715862169915,-0.0606668993902628,-0.0367971403776266,2
0.026230596673285,0.100894209481054,0.0366706183958596,2
0.200804913703189,0.399648043998068,0.0375746136929126,2
-0.0244132294815737,-0.208605151096617,-0.0566085099496458,2
0.0819581443916408,-0.0327015071701818,0.0725655345530854,2
-0.246228438059246,0.13347300548931,0.0361863128250362,2
0.104294016712049,0.0137693025023651,0.00894340395987519,2
0.00708375427716749,0.103698019106301,0.189427445464905,2
-0.285160230358144,0.113967320220975,0.00897464678583257,2
0.220149135682461,0.202974379229012,0.0238182052888504,2
0.016209849764512,-0.0248868251967108,0.00164684244625084,2
0.387576150008035,-0.19090683502045,-0.0516793485118519,2
0.162608440393327,0.0995578086737786,-0.178568769720146,2
0.00994813151849189,-0.120220163597212,0.0450331700944957,2
0.222986583723686,0.126382061571614,-0.144188044641272,2
0.157138483248122,0.0730128735164301,-0.00851892988562992,2
0.245276130361789,0.184543284461622,-0.268260281854856,2
-0.0811732176936714,0.360715061725648,-0.111118098124155,2
0.0568839107009916,-0.165749182665936,-0.116546580902735,2
0.0302043429557184,0.341266272911544,-0.163642801998393,2
-0.0245477955734599,0.027968546192397,-0.0143571865523611,2
-0.0336802304768513,0.0621457319615472,-0.145110042154886,2
-0.338826317177337,0.284006731602581,0.109843154601345,2
-0.0231153006364761,0.007159493624276,0.00303285857805787,2
-0.19418795864065,-0.0620518489512539,-0.430508245057523,2
0.156813521585214,0.0752096667271653,0.246602276420241,2
-0.385423156018184,-0.13230148414708,0.136286280536784,2
0.418692614313991,-0.27001472302535,-0.0261403306483723,2
-0.119895276538985,-0.0308591664181336,-0.251477913866157,2
-0.20119397227574,0.00663904535435238,-0.149479526792659,2
-0.061837199664578,0.0875172954951763,0.0542856411111104,2
0.060740854041847,-0.0601460613444397,0.0166420456069169,2
-0.246830362949279,0.0926391835985792,0.0316339657647484,2
0.24627791791441,-0.0482794964881364,-0.226242189494822,2
0.293216019773714,0.140500069467907,0.133430193376169,2
-0.141551041389609,0.145825166153849,-0.151541219157975,2
-0.0272829605994755,-0.0184255858990144,-0.193549662998228,2
-0.0998662378094367,0.0891424769356128,-0.103933918893313,2
0.135977778845597,0.133193503687982,-0.0547227464385175,2
-0.162042537856158,-0.0339149011998129,0.140125096586604,2
-0.289263590529811,0.136669600950257,0.0252504048333059,2
0.338786885390634,0.123617738410418,-0.109865043607148,2
0.029456711116002,0.0920869144572976,-0.0666370519276723,2
0.170502185364597,-0.283865626159342,-0.0710810807786616,2
-0.0405383599191154,0.439358737461247,0.045591197039403,2
0.333765535157453,0.26583326787771,0.0011271882075027,2
-0.118685513522102,0.334083244437571,-0.0256487824224407,2
0.0217189354902752,0.177393657616821,-0.221314469069722,2
0.0753352339209184,0.0282001975884975,-0.141825034433099,2
-0.0727189937624906,0.217362956562269,0.0383217265644363,2
0.0236298166129829,0.235474759905247,0.0239346558219643,2
0.315557720095093,-0.0707782275809673,0.113818052371712,2
0.173824199190382,0.141003800682582,-0.0378216177018596,2
0.401957621398257,-0.031767127722005,-0.139736819080507,2
0.244545019892649,0.179101471547971,-0.0965521329651387,2
0.159228519464659,0.1656233457535,0.00965467947221248,2
0.0212463400148396,0.164814073541982,-0.0368950690942398,2
0.132488329854808,0.17481989156209,-0.250927864701674,2
-0.0208454700572643,0.157048005284876,0.0438432695251454,2
0.165882722145347,0.0282995417209047,0.0413837741191633,2
0.271957560510298,0.105348346505815,-0.0748360048285679,2
0.0387222401947639,0.00307647197790999,0.175448536347107,2
0.0848047925769953,0.152269082078231,0.0357925195588247,2
0.0901279789226136,0.0126525512416149,0.0436678001242805,2
0.143124644716216,0.00424224297158745,0.174855674486627,2
0.0912332747557315,0.147350868123025,-0.0498434482168037,2
0.23443892526582,-0.200877140125262,-0.146841345812551,2
0.312684899177773,0.542759516678994,0.156252910664103,2
0.0426111043599495,-0.16148254408954,-0.11768255835937,2
0.136138661504939,0.158881142994851,-0.0446364052324698,2
0.143176745127089,0.0160375546280245,-0.0363926059280953,2
0.315453892180173,-0.0475150485050712,0.0140611709867207,2
0.10977143199378,-0.351458451379608,-0.190155263617107,2
0.100979620840001,-0.0170347355639879,0.156328887536317,2
0.143217125609135,-0.0524583813515842,0.0552194591056682,2
-0.1018006120622,0.0168263311234889,0.0597068561734912,2
0.451547357154488,0.145285109990755,-0.104580996245896,2
-0.118834196800984,-0.214585341971573,-0.0134219484293507,2
0.192901313337224,-0.00774962400932473,0.0559629798875765,2
-0.141803872217832,-0.202642229459434,-0.0816455458199154,2
0.00697118436079187,0.135873050591018,-0.224407759450407,2
-0.0860418892176886,-0.0980791060277941,0.082735868003408,2
0.0324174161037934,-0.164420371661594,-0.0932048484338568,2
-0.142414640326888,0.148688449085108,0.0797829197286284,2
0.231497276402848,0.287459117497632,0.0108269537413568,2
-0.0118852701624547,-0.0684992295502984,0.0169360539650907,2
0.194211015383552,-0.0162654153821779,0.131380154417861,2
0.0941489799580742,0.258774642878354,0.0743715202599642,2
0.211520071722154,-0.00568776363605079,-0.0609295723840328,2
-0.174480418867766,-0.231024952569781,-0.109158655007427,2
0.0745797033818972,0.352223577210977,-0.00695431589351381,2
0.0756542397290867,0.0977826501288676,-0.063157536730059,2
-0.139997671368504,0.0537856609327778,-0.144511165632724,2
-0.182661834819316,-0.173866969536877,-0.0541433131456113,2
-0.202169816167732,0.110348738213184,0.0202518450595118,2
0.148596040216322,-0.107420085461398,-0.0569166569396199,2
0.00369373822798817,0.199030983971565,-0.141594931855293,2
-0.216733159544375,0.391582552060321,-0.0754396304273491,2
0.0506813674410631,-0.173678740258702,-0.0768650593005644,2
-0.104323166924828,0.136885872438986,-0.0138387477764944,2
0.0321255331941835,0.200143848300428,0.120816570691618,2
0.0110995559260216,0.0343997023696212,0.00576871515776596,2
-0.00650931750091667,0.271483340219932,0.0240967175394972,2
-0.23128829897084,0.133642124921298,0.0524014230338864,2
-0.0452085917391436,0.12124557311264,-0.126396508313059,2
0.299430298944189,-0.118205563551763,-0.137232756702203,2
0.01201775374991,0.411373315090771,0.0661545734962044,2
0.0500855102778181,0.263550047274795,0.0422949953639311,2
0.191111307298638,0.0630273942193048,0.113451199777616,2
-0.0889831119014303,0.363664907387939,-0.106782738337729,2
-0.0076379306651583,0.00522881449542975,-0.243797817425967,2
0.360938296685798,0.273315774167866,-0.0855078775261711,2
-0.154303762307412,-0.236574062126902,-0.101686816227964,2
0.00535963554754567,0.0800984092935194,-0.171621960783309,2
0.108891638245759,-0.0690845971617199,-0.268081512743763,2
0.00993985831418867,0.016538319215019,0.0136855887794896,2
-0.386089913423587,0.0110911577098565,-0.0930522681621692,2
0.0633280283302299,0.150383216350729,-0.051285208567224,2
0.0537756470680344,-0.026276051465489,0.0407405812355834,2
0.349377599074426,-0.07448835278962,-0.025873400798311,2
0.0294254018588669,-0.253742986741672,-0.0546011959735194,2
-0.0259179617980499,-0.306495581805034,-0.122775723749198,2
-0.0967638128319311,0.112461377724487,0.00047229597158235,2
-0.0449053119445639,-0.0235465374575474,0.0503533054258378,2
0.290407818282149,0.0959056301488645,-0.1117022303715,2
-0.126376823359101,0.0132331170304956,-0.18241084371171,2
0.18201254055442,-0.010627036316943,-0.0137026577022507,2
-0.0101816240175961,0.280698237977128,-0.0757728176234213,2
-0.126538345287288,0.225991403997211,-0.189684365729615,2
0.114123627563388,0.0034557239282082,-0.139790658656254,2
0.0585684799980654,0.0769154397483956,-0.108500425469643,2
0.136650662577432,-0.044062446067854,0.0860611405436744,2
0.0795319433256856,-0.0161071230585123,0.206361224207743,2
0.0375469699938652,0.190925052784236,-0.327756897524755,2
-0.155969004376404,0.181379928223223,-0.0862315582782268,2
-0.176911398468339,-0.216049058745605,-0.237640850519683,2
-0.109958161976867,-0.068992999825317,0.282406680272855,2
0.0807510449949462,0.37134132718814,0.0123520463940065,2
-0.118631708394309,0.27058745114184,0.0111899218664499,2
-0.191246363050082,0.053644196100866,-0.0454575610954035,2
0.0523743910686128,0.122655587429396,-0.1185762368409,2
-0.165581956361669,-0.246697191865678,0.0152126445508827,2
0.15585552394848,0.156742410152492,-0.108221579071125,2
-0.0540735991756827,0.124714795161131,0.0927489431118463,2
0.283049247879007,0.216671808102543,0.00996405863246161,2
-0.0638280959377264,0.0822070752560687,-0.172566220898842,2
-0.046773628416671,0.0679624768092765,0.0515293388585332,2
0.175057029158091,-0.0671932096089737,0.160346848613585,2
0.0548368120418813,-0.117418162099056,0.0701504390454892,2
-0.00120907025235552,-0.0815441627408116,0.139064511243409,2
0.121590234401347,-0.249604541127806,-0.069644211517706,2
-0.046756847609488,0.0776127650734194,-0.211502007989457,2
0.139282479140162,-0.184805705345539,0.353776655787142,2
0.0565210084321288,-0.0427643840511459,-0.104039927305452,2
0.278814624504487,-0.0431168064270225,-0.0626089995846939,2
0.0584374511937885,-0.255269500743971,-0.0526509043316135,2
0.229693526084093,-0.142543603806312,-0.217540644780851,2
0.0381383480134024,0.0402545153302101,0.0402918624130431,2
-0.150769990676699,0.0624104818277876,-0.124257460715559,2
0.112030767909452,0.00456554042607827,0.0186954678124208,2
-0.139720814686187,-0.0479786652834134,-0.186860690912507,2
0.143391166552204,0.0501693955472185,0.00374586330562864,2
-0.260137116866139,0.241275166646519,0.0132717048725221,2
0.249919033438691,0.334981244801786,-0.120410123895024,2
0.0472762486654191,0.0394239299559609,0.0118308592518992,2
0.194555155111812,-0.0715664952023406,0.0335005157732826,2
0.0248845202296732,0.0852467859174317,0.0153220779787013,2
0.208037335054239,0.23102914922829,-0.0680035788848915,2
-0.173614955396356,-0.0342960154127425,-0.0460670426356275,2
0.124719668487556,-0.161123733719753,0.0385212963805117,2
0.0786165103395521,-0.0830501593728411,0.125786268443037,2
-0.0204941012638146,0.261425335537713,0.150521606377246,2
-0.127761479677513,0.0542812799365423,-0.223862555430057,2
0.255539485124505,-0.000451535855214847,-0.00636926056267468,2
0.237881814175726,-0.131347778310548,-0.221654422760187,2
0.0336543128335321,-0.0713205574368094,0.167343779731103,2
0.0604343139761574,0.119217872266121,-0.192873807160238,2
0.14422690402232,0.0100806582766229,0.122550714606188,2
-0.215473746647193,0.0123448827179866,-0.174880403749335,2
0.161404217706435,-0.149464129039022,-0.0056878745774164,2
0.299021646334981,0.294701857474001,-0.182754431260274,2
0.16456636104855,-0.0171413825809582,-0.0882503126420935,2
0.28555656683416,-0.0928843677260475,-0.0729184346169495,2
-0.0189539587805622,0.0537179812200133,-0.117498735261725,2
-0.0143488684558461,0.172841183380728,0.050772786309648,2
-0.270089573880538,0.287560567502608,0.17494117457317,2
-0.0869434713788457,0.0612583800583665,-0.160480802461693,2
-0.175542723871054,-0.219261570055785,-0.0357885196229367,2
0.209534289599766,0.0175733745299266,-0.0144148938897177,2
0.0783565037185429,0.247755624061487,-0.105931454867358,2
-0.203025850423678,-0.0394389460011689,-0.0485716312968283,2
0.206038181558508,-0.0439283523312878,0.0651713433851926,2
0.0522046705174884,0.0162914340775097,0.0679991532822071,2
0.124680619815603,0.0727894615497626,-0.0314029499420142,2
0.413167466958496,0.250686251606507,-0.136054300697441,2
0.016719730595336,0.0834490203703446,-0.0576090698046278,2
-0.138093609113477,-0.073254441389719,-0.0634421095877198,2
-0.0508306415970703,0.0781132698098141,-0.0381173703119211,2
-0.0142288137667429,0.249859331208425,0.0390132873523727,2
-0.0489779339392636,0.0868116603645155,-0.0117416775053148,2
0.0592599078536476,-0.0501428959658706,-0.00913605088155927,2
0.0906277806146471,0.0365668509577711,-0.174598215872105,2
-0.0690451157099004,0.318666903846861,0.0532146554154242,2
0.214533478512984,0.2951189718221,-0.102003671946831,2
