"V2","V3","y"
0.136743622395072,-1.68201076104611,1
0.136743622395072,-1.40167563439915,1
0.136743622395072,-1.1213405077522,1
0.136743622395072,-0.841005381105245,1
0.136743622395072,-0.560670254458292,1
0.136743622395072,-0.280335127811338,1
0.136743622395072,-1.16438408341962e-09,1
0.136743622395072,0.28033512548257,1
0.136743622395072,0.560670252129523,1
0.136743622395072,0.841005378776477,1
0.136743622395072,1.12134050542343,1
0.136743622395072,1.40167563207038,1
0.136743622395072,1.68201075871734,1
-0.136743622395072,1.68201075871734,2
-0.136743622395072,1.40167563207038,2
-0.136743622395072,1.12134050542343,2
-0.136743622395072,0.841005378776477,2
-0.136743622395072,0.560670252129523,2
-0.136743622395072,0.28033512548257,2
-0.136743622395072,-1.16438408341962e-09,2
-0.136743622395072,-0.280335127811338,2
-0.136743622395072,-0.560670254458292,2
-0.136743622395072,-0.841005381105245,2
-0.136743622395072,-1.1213405077522,2
-0.136743622395072,-1.40167563439915,2
-0.136743622395072,-1.68201076104611,2
0.144974403351861,-1.21687535489196,1
-0.144974403351861,1.21687535256319,2
0.147278077577144,-0.766648282906951,1
-0.147278077577144,0.766648168444133,2
0.148381233960212,0.143940872963761,1
-0.148381233960212,-0.143940875292529,2
0.149382014951314,-0.808884582294037,1
-0.149382014951314,0.808884579965269,2
0.158935744873568,-1.08629895332348,1
-0.158935744873568,1.08629861459256,2
0.162438842992085,0.308106244468724,1
-0.162438842992085,-0.308106246797492,2
0.166056805753414,-0.369218183066021,1
-0.166056805753414,0.369218180737253,2
0.168796145159647,-1.20347634504469,1
-0.168796145159647,1.20347645484998,2
0.17164050366788,-0.100353248460954,1
-0.17164050366788,0.100353246132186,2
0.171904054209442,-0.138012348034199,1
-0.171904054209442,0.138012345705431,2
0.179254935537327,0.232902422053905,1
-0.179254935537327,-0.232902424382673,2
0.189192276901607,-0.329604586989793,1
-0.189192276901607,0.329604584661025,2
0.189273867262969,-0.444795411869533,1
-0.189273867262969,0.444795409540765,2
0.192798023899335,-0.626016372479696,1
-0.192798023899335,0.626016370150928,2
0.193166867030142,1.47977363433271,1
-0.193166867030142,-1.47977397306363,2
0.193784857040953,-1.35718600126408,1
-0.193784857040953,1.35718644747151,2
0.194076759093559,-0.113354070294333,1
-0.194076759093559,0.113354067965565,2
0.195764266556329,0.829641714082716,1
-0.195764266556329,-0.829641267875282,2
0.199752531047103,-1.52244154000955,1
-0.199752531047103,1.52244176194888,2
0.200574633704943,-1.52130685555093,1
-0.200574633704943,1.52130696535621,2
0.202840566690444,-1.22988873573901,1
-0.202840566690444,1.22988850914214,2
0.204474835302895,-1.14709489583725,1
-0.204474835302895,1.14709433283823,2
0.209681576631625,0.529730224871752,1
-0.209681576631625,-0.529730227200521,2
0.209755965162207,-1.55521563179989,1
-0.209755965162207,1.55521518093492,2
0.210271488618637,0.292003794794122,1
-0.210271488618637,-0.292003797122891,2
0.213809410779657,-0.158920863120036,1
-0.213809410779657,0.158920860791267,2
0.217160632314901,-1.10823809246892,1
-0.217160632314901,1.10823764160395,2
0.220482317227707,-0.568102387201905,1
-0.220482317227707,0.568102497007188,2
0.224288803863111,1.09095554171642,1
-0.224288803863111,-1.09095576831329,2
0.224792020393525,-0.415458901536183,1
-0.224792020393525,0.415458899207415,2
0.227134256320323,1.25575559194811,1
-0.227134256320323,-1.25575581854498,2
0.227373739984344,-1.31291368391918,1
-0.227373739984344,1.31291368159041,2
0.234013280988529,-0.886539655056257,1
-0.234013280988529,0.886539652727489,2
0.234410840280039,1.39644457860715,1
-0.234410840280039,-1.39644402026567,2
0.234918614931199,-1.09983622445521,1
-0.234918614931199,1.0998365585286,2
0.236873410594544,-1.22692290223314,1
-0.236873410594544,1.22692256350222,2
0.238692100772399,-0.196895059375632,1
-0.238692100772399,0.196895057046864,2
0.240181238820281,-0.19109212225404,1
-0.240181238820281,0.191092119925272,2
0.241411566772177,-1.11844038480001,1
-0.241411566772177,1.11844071887339,2
0.242543439315949,0.0293993042373353,1
-0.242543439315949,-0.0293993065661035,2
0.245538580458475,-0.315627077575176,1
-0.245538580458475,0.315627075246408,2
0.245782804568073,0.449935634422964,1
-0.245782804568073,-0.449935636751732,2
0.246114453433588,0.774944966852376,1
-0.246114453433588,-0.774944744913043,2
0.247727481203361,-1.5007062605682,1
-0.247727481203361,1.50070569756918,2
0.248733549614529,0.99621236097431,1
-0.248733549614529,-0.996212811839281,2
0.251459214658522,-1.01199556733545,1
-0.251459214658522,1.01199522860453,2
0.253310085168847,-0.0561724325013942,1
-0.253310085168847,0.056172430172626,2
0.25557993813819,-1.16282741527873,1
-0.25557993813819,1.16282786148617,2
0.258418644576697,0.968370597536241,1
-0.258418644576697,-0.968370039194756,2
0.259110658468431,-0.322722920300864,1
-0.259110658468431,0.322722917972096,2
0.263928045122995,-1.58833721579982,1
-0.263928045122995,1.58833733681851,2
0.26728911219905,-0.210768284123136,1
-0.26728911219905,0.210768281794368,2
0.270827854821805,-1.2249839923632,1
-0.270827854821805,1.22498376576633,2
0.271978597985467,-1.60573292990748,1
-0.271978597985467,1.60573269209721,2
0.274979664684964,-1.26128727912993,1
-0.274979664684964,1.26128716466711,2
0.278454684779683,-0.300505800843839,1
-0.278454684779683,0.300505798515071,2
0.280298171134398,-0.96949081903109,1
-0.280298171134398,0.969490816702322,2
0.280623438630869,0.300791740344251,1
-0.280623438630869,-0.300791742673019,2
0.282241844983122,0.264397512862437,1
-0.282241844983122,-0.264397515191205,2
0.283648025233418,0.151800348574435,1
-0.283648025233418,-0.151800350903203,2
0.2847793508027,-0.74928611930725,1
-0.2847793508027,0.749286453380633,2
0.286394019495941,-0.385577419716631,1
-0.286394019495941,0.385577417387863,2
0.290113354862672,-0.0257594352817194,1
-0.290113354862672,0.0257594329529512,2
0.293207133738153,-0.264348176208915,1
-0.293207133738153,0.264348173880147,2
0.293449534599452,-0.489598571810249,1
-0.293449534599452,0.489598569481481,2
0.297577004097825,0.225509424093972,1
-0.297577004097825,-0.22550942642274,2
0.300079230062825,-0.519650497386803,1
-0.300079230062825,0.519650495058035,2
0.301878229159054,-1.54677048004263,1
-0.301878229159054,1.54677036557981,2
0.307371949769984,-0.82063152117295,1
-0.307371949769984,0.820631743112283,2
0.307819466064875,-0.546560426863897,1
-0.307819466064875,0.546560424535129,2
0.308093682608985,-1.06473523897965,1
-0.308093682608985,1.06473523665088,2
0.311235868726794,-1.18060492340207,1
-0.311235868726794,1.1806044725371,2
0.312254699876052,-1.30770999116431,1
-0.312254699876052,1.30770954029934,2
0.327807463675193,-1.64625176174787,1
-0.327807463675193,1.64625120996225,2
0.338370543855552,-1.62911254306769,1
-0.338370543855552,1.62911264165956,2
0.339262112273568,0.568879585978253,1
-0.339262112273568,-0.568879812575122,2
0.34040638290577,-0.59245577245803,1
-0.34040638290577,0.592455770129262,2
0.344451441581046,-1.14038961601001,1
-0.344451441581046,1.14038983794934,2
0.344888200710976,-0.257899346955529,1
-0.344888200710976,0.257899344626761,2
0.347066617778145,-0.818884248395585,1
-0.347066617778145,0.818884694603019,2
0.347068623351273,0.312610669283687,1
-0.347068623351273,-0.312610671612455,2
0.347525620537317,-0.439371487839168,1
-0.347525620537317,0.4393714855104,2
0.347661087885903,-0.784747503621633,1
-0.347661087885903,0.784747725560967,2
0.353436591521382,-0.390252288288595,1
-0.353436591521382,0.390252285959827,2
0.356511317452142,0.473786546998086,1
-0.356511317452142,-0.473786549326854,2
0.359646848713661,-1.6771608052461,1
-0.359646848713661,1.67716096102635,2
0.360728308441977,0.180085041512606,1
-0.360728308441977,-0.180085043841374,2
0.363931026403299,-0.91285202217739,1
-0.363931026403299,0.912851907714572,2
0.364649659720193,-1.68201076104611,1
0.364649659720193,-1.40167563439915,1
0.364649659720193,-1.1213405077522,1
0.364649659720193,-0.841005381105245,1
0.364649659720193,-0.560670254458292,1
0.364649659720193,-0.280335127811338,1
0.364649659720193,-1.16438408341962e-09,1
0.364649659720193,0.28033512548257,1
0.364649659720193,0.560670252129523,1
0.364649659720193,0.841005378776477,1
0.364649659720193,1.12134050542343,1
0.364649659720193,1.40167563207038,1
0.364649659720193,1.68201075871734,1
-0.364649659720193,1.68201075871734,2
-0.364649659720193,1.40167563207038,2
-0.364649659720193,1.12134050542343,2
-0.364649659720193,0.841005378776477,2
-0.364649659720193,0.560670252129523,2
-0.364649659720193,0.28033512548257,2
-0.364649659720193,-1.16438408341962e-09,2
-0.364649659720193,-0.280335127811338,2
-0.364649659720193,-0.560670254458292,2
-0.364649659720193,-0.841005381105245,2
-0.364649659720193,-1.1213405077522,2
-0.364649659720193,-1.40167563439915,2
-0.364649659720193,-1.68201076104611,2
0.368942224352004,-1.10588540795205,1
-0.368942224352004,1.10588506922113,2
0.371285827715025,0.0266800535088597,1
-0.371285827715025,-0.0266800558376279,2
0.373761616579696,-1.40045101843191,1
-0.373761616579696,1.40045112823719,2
0.378793052584515,-1.34384059149303,1
-0.378793052584515,1.3438402527621,2
0.380247457752309,-0.279381988380738,1
-0.380247457752309,0.27938198605197,2
0.381374954500164,-1.08544819228113,1
-0.381374954500164,1.08544863848857,2
0.382342096560157,-0.917928106382612,1
-0.382342096560157,0.917928216187895,2
0.387434064408489,-0.182950068835706,1
-0.387434064408489,0.182950066506938,2
0.388218061176888,-1.5665441985358,1
-0.388218061176888,1.56654408407298,2
0.391123133853464,-1.31111023198244,1
-0.391123133853464,1.31111056605582,2
0.391149206304134,-0.426433461074158,1
-0.391149206304134,0.42643345874539,2
0.391653334458697,-0.785645809501461,1
-0.391653334458697,0.785645919306743,2
0.395090977963294,-1.22770851339206,1
-0.395090977963294,1.22770862319734,2
0.398544119078429,-0.686713188492687,1
-0.398544119078429,0.68671341043202,2
0.398643394948288,0.658626073423009,1
-0.398643394948288,-0.658626075751777,2
0.399555839559323,-1.01850304269733,1
-0.399555839559323,1.01850348890477,2
0.399811732458032,-1.04666236976687,1
-0.399811732458032,1.0466625917062,2
0.402900132751032,-0.499083991155476,1
-0.402900132751032,0.499083988826708,2
0.409684713157371,-0.347612194185087,1
-0.409684713157371,0.347612191856319,2
0.416670580175875,0.0147299277301535,1
-0.416670580175875,-0.0147299300589217,2
0.417333786744491,-1.32296235260087,1
-0.417333786744491,1.32296201386995,2
0.418820645732,-1.62957315610758,1
-0.418820645732,1.62957351260777,2
0.418986925976833,-0.618505297364419,1
-0.418986925976833,0.618505631437803,2
0.421828367287788,-1.55577574138293,1
-0.421828367287788,1.55577585118822,2
0.425676697471645,-1.32719530087919,1
-0.425676697471645,1.32719507428232,2
0.436755665758093,0.117090374533516,1
-0.436755665758093,-0.117090376862284,2
0.441140122104154,-1.58584527200544,1
-0.441140122104154,1.58584571821287,2
0.446340026251764,-0.681320998398658,1
-0.446340026251764,0.681320883935839,2
0.447490860577841,1.06091034418291,1
-0.447490860577841,-1.06090989797547,2
0.449778125568436,-0.684223588299961,1
-0.449778125568436,0.684224034507395,2
0.451098704311112,-0.70382024712714,1
-0.451098704311112,0.703820581200524,2
0.451311659712389,-0.396333317855821,1
-0.451311659712389,0.396333315527053,2
0.452999987636894,-1.2885936024761,1
-0.452999987636894,1.28859404868354,2
0.458500818916188,0.157544975989684,1
-0.458500818916188,-0.157544978318452,2
0.465486959421937,-1.05523625141429,1
-0.465486959421937,1.05523636121957,2
0.468712832636652,0.47539230660352,1
-0.468712832636652,-0.475392308932288,2
0.469443955204391,-1.01294007244415,1
-0.469443955204391,1.01294051865159,2
0.473454007512334,-1.0314420786688,1
-0.473454007512334,1.03144151566978,2
0.474271005074937,0.928299494533325,1
-0.474271005074937,-0.928299048325891,2
0.478597664449932,-0.343395953880317,1
-0.478597664449932,0.343395951551549,2
0.482063568303157,-0.432503277236317,1
-0.482063568303157,0.432503274907549,2
0.487248157165059,-1.46479768565979,1
-0.487248157165059,1.46479813186723,2
0.488591435349053,-0.520898549370635,1
-0.488591435349053,0.520898547041867,2
0.4904131338866,0.378385139378608,1
-0.4904131338866,-0.378385141707376,2
0.493738647620833,-0.575778860041904,1
-0.493738647620833,0.575779194115288,2
0.498165129840177,0.0662656160724227,1
-0.498165129840177,-0.0662656184011909,2
0.500050459743345,-1.6783816523879,1
-0.500050459743345,1.67838210083802,2
0.501890117276633,-0.322937096337622,1
-0.501890117276633,0.322937094008854,2
0.510166479440888,-1.17890474692599,1
-0.510166479440888,1.17890452032912,2
0.512807272276581,-1.12579749986373,1
-0.512807272276581,1.12579783393712,2
0.513895478023601,-1.24572240009419,1
-0.513895478023601,1.24572183709516,2
0.515816817080667,-1.36430640134686,1
-0.515816817080667,1.36430583834784,2
0.516173900259948,-0.910077825764092,1
-0.516173900259948,0.910077711301273,2
0.524039940394602,-0.423219699182277,1
-0.524039940394602,0.423219696853509,2
0.526374154028886,1.45337840014814,1
-0.526374154028886,-1.45337806607475,2
0.530045811452609,-1.49494627078801,1
-0.530045811452609,1.49494649272735,2
0.534471655535048,-0.355208154776713,1
-0.534471655535048,0.355208152447945,2
0.535196032084082,-1.08585501461692,1
-0.535196032084082,1.08585456375195,2
0.535932533234302,-0.603094714782383,1
-0.535932533234302,0.603095048855767,2
0.539187396096964,-0.648605440582756,1
-0.539187396096964,0.64860577465614,2
0.539659161594227,-0.605307680272134,1
-0.539659161594227,0.605307453675265,2
0.540853662717056,-1.03382739419441,1
-0.540853662717056,1.0338277282678,2
0.545726020307822,-1.65864226037032,1
-0.545726020307822,1.65864202256005,2
0.546094134139309,0.667237968513603,1
-0.546094134139309,-0.667237410172118,2
0.557094976236163,-1.48688562669046,1
-0.557094976236163,1.48688517582549,2
0.559725650043799,-1.55811564261803,1
-0.559725650043799,1.55811608882546,2
0.560157668728153,0.218798201162044,1
-0.560157668728153,-0.218798203490812,2
0.561026264217606,-0.847386144989882,1
-0.561026264217606,0.847385806258962,2
0.563689665332203,0.0784007630347162,1
-0.563689665332203,-0.0784007653634844,2
0.564296077716318,-0.448660672595741,1
-0.564296077716318,0.448660670266973,2
0.572634065673064,-1.39953712591904,1
-0.572634065673064,1.39953723572432,2
0.575377233900724,-1.09256926516822,1
-0.575377233900724,1.0925691507054,2
0.580683342261728,-0.212428989413393,1
-0.580683342261728,0.212428987084625,2
0.58423238623737,0.1935310355271,1
-0.58423238623737,-0.193531037855869,2
0.584577344815465,-0.699005659528055,1
-0.584577344815465,0.699005545065236,2
0.590710569767129,-0.886009373130691,1
-0.590710569767129,0.886009258667873,2
0.592555697045313,-1.68201076104611,1
0.592555697045313,-1.40167563439915,1
0.592555697045313,-1.1213405077522,1
0.592555697045313,-0.841005381105245,1
0.592555697045313,-0.560670254458292,1
0.592555697045313,-0.280335127811338,1
0.592555697045313,-1.16438408341962e-09,1
0.592555697045313,0.28033512548257,1
0.592555697045313,0.560670252129523,1
0.592555697045313,0.841005378776477,1
0.592555697045313,1.12134050542343,1
0.592555697045313,1.40167563207038,1
0.592555697045313,1.68201075871734,1
-0.592555697045313,1.68201075871734,2
-0.592555697045313,1.40167563207038,2
-0.592555697045313,1.12134050542343,2
-0.592555697045313,0.841005378776477,2
-0.592555697045313,0.560670252129523,2
-0.592555697045313,0.28033512548257,2
-0.592555697045313,-1.16438408341962e-09,2
-0.592555697045313,-0.280335127811338,2
-0.592555697045313,-0.560670254458292,2
-0.592555697045313,-0.841005381105245,2
-0.592555697045313,-1.1213405077522,2
-0.592555697045313,-1.40167563439915,2
-0.592555697045313,-1.68201076104611,2
0.601948342980386,1.32125421227841,1
-0.601948342980386,-1.32125399033908,2
0.613070886901171,-1.10802896246444,1
-0.613070886901171,1.10802907226973,2
0.617275662127404,-1.26880093332837,1
-0.617275662127404,1.26880126740176,2
0.6189688216599,-1.14254124417405,1
-0.6189688216599,1.14254169038149,2
0.623659492557711,0.0640868514681228,1
-0.623659492557711,-0.064086853796891,2
0.629515674930402,-0.781410282139977,1
-0.629515674930402,0.781410616213361,2
0.633626826356503,0.146028808987027,1
-0.633626826356503,-0.146028811315796,2
0.636036795957594,1.26459960452357,1
-0.636036795957594,-1.26459938258424,2
0.647765661100079,-1.42081927166167,1
-0.647765661100079,1.42081915719885,2
0.65079325606232,-0.0470985451220856,1
-0.65079325606232,0.0470985427933174,2
0.651030004853894,-0.948750392887191,1
-0.651030004853894,0.948750502692474,2
0.651772522723499,0.444898572867371,1
-0.651772522723499,-0.444898575196139,2
0.653217355837725,-1.64990194936491,1
-0.653217355837725,1.6499022946517,2
0.654047845437738,0.139952264781828,1
-0.654047845437738,-0.139952267110596,2
0.655181541229808,0.653882803080142,1
-0.655181541229808,-0.653883029677012,2
0.667653106566728,1.51011935112199,1
-0.667653106566728,-1.5101194655848,2
0.669800437250406,-0.888243195553865,1
-0.669800437250406,0.888242968956996,2
0.68210380793178,-1.16064169836329,1
-0.68210380793178,1.16064124749832,2
0.687055476823535,-0.81389955344165,1
-0.687055476823535,0.81389921471073,2
0.687597984354784,0.216856039404633,1
-0.687597984354784,-0.216856041733402,2
0.689229791582032,-0.217883189637436,1
-0.689229791582032,0.217883187308668,2
0.692194940290047,-1.58217302762063,1
-0.692194940290047,1.5821733280538,2
0.692345084787436,-1.67899645535415,1
-0.692345084787436,1.67899659543563,2
0.695184520525262,-0.789500866029059,1
-0.695184520525262,0.789501087968392,2
0.698867846738096,0.109358731740593,1
-0.698867846738096,-0.109358734069361,2
0.700747433409124,1.29705007744372,1
-0.700747433409124,-1.29704974337033,2
0.700952913492376,0.306693355430423,1
-0.700952913492376,-0.306693357759191,2
0.704020893404432,-0.469284367192905,1
-0.704020893404432,0.469284364864136,2
0.708762524092189,-1.28272416986247,1
-0.708762524092189,1.28272383113155,2
0.70883208101478,-1.12358363730158,1
-0.70883208101478,1.12358318643661,2
0.708870642716296,-0.29333482830421,1
-0.708870642716296,0.293334825975442,2
0.715220104916174,-1.46010779112504,1
-0.715220104916174,1.46010756452817,2
0.718345334824805,-0.513782522515829,1
-0.718345334824805,0.51378252018706,2
0.71908265643676,-1.60600315054276,1
-0.71908265643676,1.6060029351593,2
0.722909654615523,-1.42518767787318,1
-0.722909654615523,1.42518789981252,2
0.724009711476484,-1.3111716814422,1
-0.724009711476484,1.31117111844318,2
0.725914914786107,-1.33189584814875,1
-0.725914914786107,1.33189573368593,2
0.731011440755186,1.02898353727934,1
-0.731011440755186,-1.02898365174216,2
0.732979910780771,-1.23179131417654,1
-0.732979910780771,1.23179142398182,2
0.736341251344072,-1.30169366294431,1
-0.736341251344072,1.3016935484815,2
0.743919218247547,-0.0513988859648497,1
-0.743919218247547,0.0513988836360815,2
0.748769241046655,-1.20321518484071,1
-0.748769241046655,1.20321518251194,2
0.748910816277042,-0.672650457199569,1
-0.748910816277042,0.672650679138902,2
0.750369414915922,-1.58163084827229,1
-0.750369414915922,1.58163059924861,2
0.763146283180443,-0.757105226659686,1
-0.763146283180443,0.75710556073307,2
0.769532119183878,-1.41951997441669,1
-0.769532119183878,1.41951952355172,2
0.774558450093461,0.145027451914644,1
-0.774558450093461,-0.145027454243413,2
0.794322370487881,-0.667618441676257,1
-0.794322370487881,0.667618102945337,2
0.798691238060989,-1.31868948460051,1
-0.798691238060989,1.31868970653985,2
0.799299929505476,-0.204679405172365,1
-0.799299929505476,0.204679402843596,2
0.804532743284876,-1.59814136497064,1
-0.804532743284876,1.59814121686761,2
0.804539033491506,-0.556103034574959,1
-0.804539033491506,0.556103032246191,2
0.807271809203864,-0.4448918471531,1
-0.807271809203864,0.444891844824331,2
0.808845545972802,-0.104017789236483,1
-0.808845545972802,0.104017786907715,2
0.809681961129785,-1.541098066956,1
-0.809681961129785,1.54109862529749,2
0.819610642064646,-0.199017756954603,1
-0.819610642064646,0.199017754625834,2
0.820461734370433,-1.68201076104611,1
0.820461734370433,-1.40167563439915,1
0.820461734370433,-1.1213405077522,1
0.820461734370433,-0.841005381105245,1
0.820461734370433,-0.560670254458292,1
0.820461734370433,-0.280335127811338,1
0.820461734370433,-1.16438408341962e-09,1
0.820461734370433,0.28033512548257,1
0.820461734370433,0.560670252129523,1
0.820461734370433,0.841005378776477,1
0.820461734370433,1.12134050542343,1
0.820461734370433,1.40167563207038,1
0.820461734370433,1.68201075871734,1
-0.820461734370433,1.68201075871734,2
-0.820461734370433,1.40167563207038,2
-0.820461734370433,1.12134050542343,2
-0.820461734370433,0.841005378776477,2
-0.820461734370433,0.560670252129523,2
-0.820461734370433,0.28033512548257,2
-0.820461734370433,-1.16438408341962e-09,2
-0.820461734370433,-0.280335127811338,2
-0.820461734370433,-0.560670254458292,2
-0.820461734370433,-0.841005381105245,2
-0.820461734370433,-1.1213405077522,2
-0.820461734370433,-1.40167563439915,2
-0.820461734370433,-1.68201076104611,2
0.820760200116914,0.141093789417534,1
-0.820760200116914,-0.141093791746302,2
0.823623064595378,-0.555135317717774,1
-0.823623064595378,0.555135315389006,2
0.825447406842958,-1.55720836601415,1
-0.825447406842958,1.55720892435563,2
0.832244294175312,-0.629246730211075,1
-0.832244294175312,0.629246952150408,2
0.832848974473543,-1.40181568982843,1
-0.832848974473543,1.40181579963371,2
0.834435382818156,-0.859341204666817,1
-0.834435382818156,0.859341538740201,2
0.843487719458295,0.756424907045571,1
-0.843487719458295,-0.756424572972188,2
0.84388555223705,0.206155086950266,1
-0.84388555223705,-0.206155089279034,2
0.84419823932026,-1.45620361988325,1
-0.84419823932026,1.45620305688423,2
0.848907051538641,-1.612429082023,1
-0.848907051538641,1.61242933760255,2
0.851911400085076,-1.13546614624774,1
-0.851911400085076,1.13546603178492,2
0.851916687505142,-0.348986957646164,1
-0.851916687505142,0.348986955317395,2
0.853024493171372,-0.981156124321123,1
-0.853024493171372,0.981156121992355,2
0.854170131239798,-1.5400765257545,1
-0.854170131239798,1.54007708409599,2
0.854229204484672,0.939817904216995,1
-0.854229204484672,-0.939818355081966,2
0.855016209612764,1.02814028921838,1
-0.855016209612764,-1.0281404036812,2
0.85977798719422,0.294504384123813,1
-0.85977798719422,-0.294504386452582,2
0.867932191722468,-0.92843338491858,1
-0.867932191722468,0.928432934053609,2
0.873444144816383,-0.288403172756237,1
-0.873444144816383,0.288403170427469,2
0.878968040186655,-1.57457989280708,1
-0.878968040186655,1.57457961014319,2
0.889212051914759,-1.30377969268872,1
-0.889212051914759,1.30377924182375,2
0.893510268616296,-0.531545677480686,1
-0.893510268616296,0.531545675151918,2
0.894237835849853,-1.28495171277881,1
-0.894237835849853,1.28495193471814,2
0.895064405466023,-1.55510988939012,1
-0.895064405466023,1.5551097749273,2
0.898956128959387,0.832756798010017,1
-0.898956128959387,-0.832757024606887,2
0.899408021050195,-1.35353917766855,1
-0.899408021050195,1.35353872680358,2
0.916553301075749,-0.987061327696916,1
-0.916553301075749,0.987061101100047,2
0.919266294544067,-0.270928202301573,1
-0.919266294544067,0.270928199972805,2
0.92377245271406,0.387706843009873,1
-0.92377245271406,-0.387706845338641,2
0.932045441868961,-1.56754297652501,1
-0.932045441868961,1.56754319846435,2
0.934644482318617,-1.64748001085836,1
-0.934644482318617,1.64748019915747,2
0.938672037810227,-0.762802421371507,1
-0.938672037810227,0.762801970506536,2
0.952301730466418,-0.6441362258597,1
-0.952301730466418,0.644136111396881,2
0.957167980175384,-0.659295964570412,1
-0.957167980175384,0.659295513705442,2
0.966964293283767,-1.49292953988691,1
-0.966964293283767,1.49292920115599,2
0.968572398283133,-0.0809080827362146,1
-0.968572398283133,0.0809080804074464,2
0.970371944353852,-0.785318602341639,1
-0.970371944353852,0.78531848787882,2
0.987443929797802,1.5434668964474,1
-0.987443929797802,-1.54346723517832,2
0.98845127448278,-1.39783773438131,1
-0.98845127448278,1.39783728351633,2
0.993031274208865,0.554165355850808,1
-0.993031274208865,-0.554165358179576,2
0.993592834684834,0.0913600952693516,1
-0.993592834684834,-0.0913600975981198,2
0.996732468255025,-1.21761050572808,1
-0.996732468255025,1.21761095193551,2
0.999017909997321,0.491079860290684,1
-0.999017909997321,-0.491079862619452,2
0.999226671927511,-1.12758951412731,1
-0.999226671927511,1.12758973606664,2
1.00056675942698,-1.38759137336831,1
-1.00056675942698,1.38759159530764,2
1.00245837953678,-1.29423663644145,1
-1.00245837953678,1.29423663411269,2
1.00559527823452,-1.32693985951178,1
-1.00559527823452,1.32693940864681,2
1.00574934271576,0.322177946485894,1
-1.00574934271576,-0.322177948814662,2
1.00823625339505,-0.203158867445432,1
-1.00823625339505,0.203158865116663,2
1.04120969887525,-1.13831188418536,1
-1.04120969887525,1.13831199399064,2
1.04390810635718,-1.279002216453,1
-1.04390810635718,1.27900210199018,2
1.04442043912908,-1.50911014699482,1
-1.04442043912908,1.50911014466606,2
1.04710608387292,-0.160029868881051,1
-1.04710608387292,0.160029866552283,2
1.04836777169555,-1.68201076104611,1
1.04836777169555,-1.40167563439915,1
1.04836777169555,-1.1213405077522,1
1.04836777169555,-0.841005381105245,1
1.04836777169555,-0.560670254458292,1
1.04836777169555,-0.280335127811338,1
1.04836777169555,-1.16438408341962e-09,1
1.04836777169555,0.28033512548257,1
1.04836777169555,0.560670252129523,1
1.04836777169555,0.841005378776477,1
1.04836777169555,1.12134050542343,1
1.04836777169555,1.40167563207038,1
1.04836777169555,1.68201075871734,1
-1.04836777169555,1.68201075871734,2
-1.04836777169555,1.40167563207038,2
-1.04836777169555,1.12134050542343,2
-1.04836777169555,0.841005378776477,2
-1.04836777169555,0.560670252129523,2
-1.04836777169555,0.28033512548257,2
-1.04836777169555,-1.16438408341962e-09,2
-1.04836777169555,-0.280335127811338,2
-1.04836777169555,-0.560670254458292,2
-1.04836777169555,-0.841005381105245,2
-1.04836777169555,-1.1213405077522,2
-1.04836777169555,-1.40167563439915,2
-1.04836777169555,-1.68201076104611,2
1.06194914827183,-1.5681188970092,1
-1.06194914827183,1.56811844614423,2
1.06230377006591,0.443256930365726,1
-1.06230377006591,-0.443256932694495,2
1.0636146855926,0.487230298331568,1
-1.0636146855926,-0.487230300660336,2
1.06579984867848,0.443369064416385,1
-1.06579984867848,-0.443369066745153,2
1.06828037798872,1.12389267641642,1
-1.06828037798872,-1.12389211807494,2
1.07844134075683,0.322544624831548,1
-1.07844134075683,-0.322544627160316,2
1.08320822343352,-0.374970659864816,1
-1.08320822343352,0.374970657536048,2
1.0852475266555,-0.0600175090984837,1
-1.0852475266555,0.0600175067697155,2
1.09238098562378,-0.679489064413046,1
-1.09238098562378,0.679488613548075,2
1.0962663277481,0.159607121181299,1
-1.0962663277481,-0.159607123510067,2
1.10000854488098,-0.352858946415411,1
-1.10000854488098,0.352858944086643,2
1.10070867222764,-1.5274636877364,1
-1.10070867222764,1.52746312473738,2
1.10451379142682,0.155866329251322,1
-1.10451379142682,-0.15586633158009,2
1.10563235425801,-0.8397039533133,1
-1.10563235425801,0.839703502448328,2
1.11140749324383,-0.327728584322272,1
-1.11140749324383,0.327728581993504,2
1.1189457133344,-1.06700696271194,1
-1.1189457133344,1.06700707251722,2
1.11979170054495,-0.419364530520628,1
-1.11979170054495,0.41936452819186,2
1.1201162387421,0.0353794131589682,1
-1.1201162387421,-0.0353794154877364,2
1.12101874664991,-0.873087717937077,1
-1.12101874664991,0.873088052010461,2
1.12956978117034,-1.56915658551399,1
-1.12956978117034,1.56915680745333,2
1.13109675162042,0.0854012918173439,1
-1.13109675162042,-0.0854012941461121,2
1.13418259936581,-0.944439175041513,1
-1.13418259936581,0.944438948444644,2
1.13550354275814,-0.576081061308429,1
-1.13550354275814,0.57608083471156,2
1.13989939440607,-1.57202302339736,1
-1.13989939440607,1.57202295378817,2
1.15552189745263,-0.931873881860893,1
-1.15552189745263,0.931874328068327,2
1.15710538859997,1.23761454523253,1
-1.15710538859997,-1.2376143232932,2
1.15808903105706,-0.319744639915367,1
-1.15808903105706,0.319744637586598,2
1.15928325869264,-1.33767579778996,1
-1.15928325869264,1.33767624399739,2
1.16184674580048,-0.931042520009309,1
-1.16184674580048,0.931042293412439,2
1.16204274499258,0.545463753519686,1
-1.16204274499258,-0.545463755848454,2
1.16700106874062,-0.689489739721049,1
-1.16700106874062,0.689489849526332,2
1.16893371193714,-1.15212612642221,1
-1.16893371193714,1.15212578769129,2
1.17213533594948,0.211294190491958,1
-1.17213533594948,-0.211294192820726,2
1.17603617568434,-1.04160164792659,1
-1.17603617568434,1.04160198199997,2
1.1817602637178,-1.46091257720662,1
-1.1817602637178,1.4609126870119,2
1.18848896156378,-0.548760496937822,1
-1.18848896156378,0.548760494609054,2
1.18921096789003,-1.54722361374134,1
-1.18921096789003,1.54722338714447,2
1.19045168835723,-1.0087865150737,1
-1.19045168835723,1.00878707341519,2
1.19438261168901,-1.60381548249484,1
-1.19438261168901,1.60381519983094,2
1.19650487270858,-1.52422166806375,1
-1.19650487270858,1.52422132933283,2
1.19889879772465,-1.455131730493,1
-1.19889879772465,1.45513217670044,2
1.20341771863273,-1.14788779570946,1
-1.20341771863273,1.1478882419169,2
1.20396742799476,-1.31937944541422,1
-1.20396742799476,1.3193793309514,2
1.2125777180849,-1.27260631447153,1
-1.2125777180849,1.27260597574061,2
1.22471599363284,-0.290373368026312,1
-1.22471599363284,0.290373365697544,2
1.24886218247536,-0.901399210913356,1
-1.24886218247536,0.90139965712079,2
1.27627380902067,-1.68201076104611,1
1.27627380902067,-1.40167563439915,1
1.27627380902067,-1.1213405077522,1
1.27627380902067,-0.841005381105245,1
1.27627380902067,-0.560670254458292,1
1.27627380902067,-0.280335127811338,1
1.27627380902067,-1.16438408341962e-09,1
1.27627380902067,0.28033512548257,1
1.27627380902067,0.560670252129523,1
1.27627380902067,0.841005378776477,1
1.27627380902067,1.12134050542343,1
1.27627380902067,1.40167563207038,1
1.27627380902067,1.68201075871734,1
-1.27627380902067,1.68201075871734,2
-1.27627380902067,1.40167563207038,2
-1.27627380902067,1.12134050542343,2
-1.27627380902067,0.841005378776477,2
-1.27627380902067,0.560670252129523,2
-1.27627380902067,0.28033512548257,2
-1.27627380902067,-1.16438408341962e-09,2
-1.27627380902067,-0.280335127811338,2
-1.27627380902067,-0.560670254458292,2
-1.27627380902067,-0.841005381105245,2
-1.27627380902067,-1.1213405077522,2
-1.27627380902067,-1.40167563439915,2
-1.27627380902067,-1.68201076104611,2
1.28388587066733,0.102614989933973,1
-1.28388587066733,-0.102614992262742,2
1.28859987914337,-0.0566478808761874,1
-1.28859987914337,0.0566478785474192,2
1.29089808362375,-1.13261446520543,1
-1.29089808362375,1.13261446287666,2
1.29212421810456,-1.44616223991486,1
-1.29212421810456,1.44616257398824,2
1.29836246215822,-0.334488024895983,1
-1.29836246215822,0.334488022567215,2
1.3184026958323,-0.587180762446939,1
-1.3184026958323,0.587180984386273,2
1.3189241448457,-1.22713248077382,1
-1.3189241448457,1.22713225417695,2
1.32192612316934,-0.186662827253018,1
-1.32192612316934,0.18666282492425,2
1.32376486907848,0.493103879905075,1
-1.32376486907848,-0.493103882233843,2
1.32466737698629,-0.832729776032577,1
-1.32466737698629,0.832729885837859,2
1.32641040235975,-1.25933222195669,1
-1.32641040235975,1.25933266816413,2
1.33264773478927,-0.27215158479426,1
-1.33264773478927,0.272151582465492,2
1.35122390007956,-1.09197293628682,1
-1.35122390007956,1.0919725975559,2
1.35889977541667,-1.21165562696785,1
-1.35889977541667,1.21165551250503,2
1.37260239800481,-0.158908528374463,1
-1.37260239800481,0.158908526045695,2
1.37331893458616,-1.30336031133926,1
-1.37331893458616,1.30335986047429,2
1.37382579761317,-1.40062538688068,1
-1.37382579761317,1.40062493601571,2
1.37785061823233,-0.612215586328918,1
-1.37785061823233,0.612216032536352,2
1.39680054942384,-1.674377207514,1
-1.39680054942384,1.67437667254849,2
1.40049536210095,-0.581212315466575,1
-1.40049536210095,0.581212088869706,2
1.40420476076446,-0.964594037172872,1
-1.40420476076446,0.964593922710053,2
1.40752307266791,1.31836339645243,1
-1.40752307266791,-1.3183631745131,2
1.40892970873028,-1.60133624348839,1
-1.40892970873028,1.60133591597088,2
1.41034910753074,-1.38708486386148,1
-1.41034910753074,1.38708474939866,2
1.42396056770395,-0.311017246752594,1
-1.42396056770395,0.311017244423826,2
1.45189637813511,-1.5923345480109,1
-1.45189637813511,1.5923349157245,2
1.45522654115251,-0.203077009588451,1
-1.45522654115251,0.203077007259683,2
1.48787271356311,-0.158684260273146,1
-1.48787271356311,0.158684257944377,2
1.49651399887433,0.301161782711425,1
-1.49651399887433,-0.301161785040193,2
1.4978504398772,0.795441949972294,1
-1.4978504398772,-0.795441728032961,2
1.50417984634579,-1.68201076104611,1
1.50417984634579,-1.40167563439915,1
1.50417984634579,-1.1213405077522,1
1.50417984634579,-0.841005381105245,1
1.50417984634579,-0.560670254458292,1
1.50417984634579,-0.280335127811338,1
1.50417984634579,-1.16438408341962e-09,1
1.50417984634579,0.28033512548257,1
1.50417984634579,0.560670252129523,1
1.50417984634579,0.841005378776477,1
1.50417984634579,1.12134050542343,1
1.50417984634579,1.40167563207038,1
1.50417984634579,1.68201075871734,1
-1.50417984634579,1.68201075871734,2
-1.50417984634579,1.40167563207038,2
-1.50417984634579,1.12134050542343,2
-1.50417984634579,0.841005378776477,2
-1.50417984634579,0.560670252129523,2
-1.50417984634579,0.28033512548257,2
-1.50417984634579,-1.16438408341962e-09,2
-1.50417984634579,-0.280335127811338,2
-1.50417984634579,-0.560670254458292,2
-1.50417984634579,-0.841005381105245,2
-1.50417984634579,-1.1213405077522,2
-1.50417984634579,-1.40167563439915,2
-1.50417984634579,-1.68201076104611,2
1.51134794703174,0.0705166179328972,1
-1.51134794703174,-0.0705166202616654,2
1.51348114754111,-1.29021651859129,1
-1.51348114754111,1.29021662839657,2
1.52641982909213,1.59024025165819,1
-1.52641982909213,-1.59024050068187,2
1.53980794134876,-0.617470636478991,1
-1.53980794134876,0.617470634150223,2
1.54968630063058,0.680196179407732,1
-1.54968630063058,-0.680196069602449,2
1.56867087353976,0.638837777503253,1
-1.56867087353976,-0.63883755556392,2
1.58127590065214,0.228245494930046,1
-1.58127590065214,-0.228245497258814,2
1.59394382983082,-1.12495066351316,1
-1.59394382983082,1.12495122185464,2
1.59606609085039,-0.400600018483388,1
-1.59606609085039,0.400600016154619,2
1.59902066471827,0.755620905902348,1
-1.59902066471827,-0.755621468901369,2
1.60014469729436,-1.47052896912301,1
-1.60014469729436,1.4705293031964,2
1.61813286500835,0.700837815453,1
1.61813286500835,0.981172942099954,1
1.61813286500835,1.26150806874691,1
1.61813286500835,1.54184319539386,1
-1.61813286500835,-0.700837817781768,2
-1.61813286500835,-0.981172944428722,2
-1.61813286500835,-1.26150807107568,2
-1.61813286500835,-1.54184319772263,2
1.63348370405843,-1.6071783938875,1
-1.63348370405843,1.6071781000102,2
1.63701624763696,0.344164069798561,1
-1.63701624763696,-0.344164072127329,2
1.66552729290634,-1.27719607329904,1
-1.66552729290634,1.27719562243407,2
1.67529078754535,0.555811483714479,1
-1.67529078754535,-0.555811486043247,2
1.68432680611321,-1.42486820796286,1
-1.68432680611321,1.42486831776814,2
1.69364725141566,0.362503593783805,1
-1.69364725141566,-0.362503596112573,2
1.71507862354156,0.0017055577461361,1
-1.71507862354156,-0.00170556007490427,2
1.73208588367091,-1.68201076104611,1
1.73208588367091,-1.40167563439915,1
1.73208588367091,-1.1213405077522,1
1.73208588367091,-0.841005381105245,1
1.73208588367091,-0.560670254458292,1
1.73208588367091,-0.280335127811338,1
1.73208588367091,-1.16438408341962e-09,1
1.73208588367091,0.28033512548257,1
1.73208588367091,0.560670252129523,1
1.73208588367091,0.841005378776477,1
1.73208588367091,1.12134050542343,1
1.73208588367091,1.40167563207038,1
1.73208588367091,1.68201075871734,1
-1.73208588367091,1.68201075871734,2
-1.73208588367091,1.40167563207038,2
-1.73208588367091,1.12134050542343,2
-1.73208588367091,0.841005378776477,2
-1.73208588367091,0.560670252129523,2
-1.73208588367091,0.28033512548257,2
-1.73208588367091,-1.16438408341962e-09,2
-1.73208588367091,-0.280335127811338,2
-1.73208588367091,-0.560670254458292,2
-1.73208588367091,-0.841005381105245,2
-1.73208588367091,-1.1213405077522,2
-1.73208588367091,-1.40167563439915,2
-1.73208588367091,-1.68201076104611,2
1.75415539270133,0.589238644215861,1
-1.75415539270133,-0.58923875867868,2
1.76573848914234,0.418769096382862,1
-1.76573848914234,-0.41876909871163,2
1.776482891366,-1.04954645754981,1
-1.776482891366,1.04954667948915,2
1.7908801715559,0.41362999284117,1
-1.7908801715559,-0.413629995169938,2
1.79229045411487,-1.58346600050516,1
-1.79229045411487,1.58346623365789,2
1.79761069265019,-1.31772883218852,1
-1.79761069265019,1.3177287177257,2
1.81664996300833,-1.12190330855246,1
-1.81664996300833,1.12190341835774,2
1.81769103778683,-0.387676569144963,1
-1.81769103778683,0.387676566816195,2
1.81807938967443,0.966075213519256,1
-1.81807938967443,-0.966074879445872,2
1.82694037640563,-1.40325392116218,1
-1.82694037640563,1.40325335816315,2
1.84335872733453,-1.55526160676066,1
-1.84335872733453,1.55526115589569,2
1.84603890233347,0.700837815453,1
1.84603890233347,0.981172942099954,1
1.84603890233347,1.26150806874691,1
1.84603890233347,1.54184319539386,1
-1.84603890233347,-0.700837817781768,2
-1.84603890233347,-0.981172944428722,2
-1.84603890233347,-1.26150807107568,2
-1.84603890233347,-1.54184319772263,2
1.85070003660885,-0.674831800887034,1
-1.85070003660885,0.674831686424216,2
1.92008557386041,-1.13724313454853,1
-1.92008557386041,1.13724335648786,2
1.94318430655538,-0.626985659213591,1
-1.94318430655538,0.62698520834862,2
1.94502396408867,-0.534833447846002,1
-1.94502396408867,0.534833445517233,2
1.95648125639708,-0.627503942795736,1
-1.95648125639708,0.62750438900317,2
1.95999192099604,-1.68201076104611,1
1.95999192099604,-1.40167563439915,1
1.95999192099604,-1.1213405077522,1
1.95999192099604,-0.841005381105245,1
1.95999192099604,-0.560670254458292,1
1.95999192099604,-0.280335127811338,1
1.95999192099604,-1.16438408341962e-09,1
1.95999192099604,0.28033512548257,1
1.95999192099604,0.560670252129523,1
1.95999192099604,0.841005378776477,1
1.95999192099604,1.12134050542343,1
1.95999192099604,1.40167563207038,1
1.95999192099604,1.68201075871734,1
-1.95999192099604,1.68201075871734,2
-1.95999192099604,1.40167563207038,2
-1.95999192099604,1.12134050542343,2
-1.95999192099604,0.841005378776477,2
-1.95999192099604,0.560670252129523,2
-1.95999192099604,0.28033512548257,2
-1.95999192099604,-1.16438408341962e-09,2
-1.95999192099604,-0.280335127811338,2
-1.95999192099604,-0.560670254458292,2
-1.95999192099604,-0.841005381105245,2
-1.95999192099604,-1.1213405077522,2
-1.95999192099604,-1.40167563439915,2
-1.95999192099604,-1.68201076104611,2
